time,open,high,low,close,EMA,bullish,Volume,Volume MA
2020-02-11T07:00:00Z,1215,1249,1215,1249,884.1724615253785,0,1012641,1315633.65
2020-02-12T07:00:00Z,1249,1254,1227,1249,887.80258628632,0,1191585,1324751.35
2020-02-13T07:00:00Z,1249,1249,1226,1242,891.3269386615805,0,626243,1286585
2020-02-16T07:00:00Z,1255,1263,1221,1221,894.607267630122,0,593278,1266883.15
2020-02-17T07:00:00Z,1221,1226,1199,1207,897.7156530268372,0,710593,1189969.85
2020-02-18T07:00:00Z,1190,1201,1159,1200,900.7234574743314,0,864346,1068457.1
2020-02-19T07:00:00Z,1213,1242,1212,1240,904.0993434696118,0,548892,1050746
2020-02-20T07:00:00Z,1250,1266,1236,1261,907.650593783347,0,668821,1036559.85
2020-02-23T07:00:00Z,1226,1226,1190,1219,910.7485978253037,0,983676,1044361.7
2020-02-24T07:00:00Z,1182,1208,1156,1199,913.6167709812709,0,1575783,1045078.45
2020-02-25T07:00:00Z,1208,1225,1169,1214,916.6056588322035,0,1049146,1049900.6
2020-02-26T07:00:00Z,1180,1246,1152,1242,919.843413470689,0,1566410,1092961.05
2020-02-27T07:00:00Z,1215,1222,1175,1196,922.591240202324,0,1299874,1101040.9
2020-03-01T07:00:00Z,1166,1184,1158,1168,925.0331184092661,0,1771489,1114214.9
2020-03-03T07:00:00Z,1200,1245,1200,1220,927.96811225594,0,1520278,1130055.05
2020-03-04T07:00:00Z,1220,1220,1190,1196,930.6350962135923,0,899781,1119628.05
2020-03-05T07:00:00Z,1200,1213,1136,1157,932.8874833159446,0,1588567,1133047.7
2020-03-08T07:00:00Z,1089,1133,1002,1133,934.8786526361839,0,3221100,1159702.8
2020-03-09T07:00:00Z,1036,1101,986.09998,1070,936.2231436547294,0,3437885,1308384.45
2020-03-11T07:00:00Z,1070,1085,1021,1044,937.2955501855281,0,2768573,1394948.05
2020-03-12T07:00:00Z,960,980,891.70001,929,937.2130073976124,0,4065856,1547608.8
2020-03-15T07:00:00Z,911.09998,1060,911.09998,1055,938.3850172742531,0,3098124,1642935.75
2020-03-16T07:00:00Z,975,1055,840,1055,939.5453653610764,0,2920937,1757670.45
2020-03-17T07:00:00Z,1000,1010,920.5,989.79999,940.0454113773841,0,2528066,1854409.85
2020-03-18T07:00:00Z,939.79999,989.79999,884.59998,989.79999,940.5404818114399,0,2018406,1919800.5
2020-03-19T07:00:00Z,935.90002,1060,935.90002,1027,941.400775524759,0,5764265,2164796.45
2020-03-22T07:00:00Z,927,958,885.09998,958,941.565941937448,0,1240353,2199369.5
2020-03-23T07:00:00Z,930,950,857.20001,900,941.1523504753839,0,1613882,2246622.55
2020-03-24T07:00:00Z,958,970,922.59998,970,941.439391764186,0,1882912,2291584.35
2020-03-25T07:00:00Z,999,1029,910,983.5,941.8579052789702,0,1749485,2300269.45
2020-03-26T07:00:00Z,969,1027,959,1022,942.6553390572889,0,1753887,2335506.5
2020-03-29T06:00:00Z,1005,1012,964,1007,943.2955844398034,0,786012,2296486.6
2020-03-30T06:00:00Z,1014,1029,953.29999,969.09998,943.5523445946312,0,758960,2269440.9
2020-03-31T06:00:00Z,997,1023,984.5,1021,944.3229680315005,0,2311006,2296416.75
2020-04-01T06:00:00Z,1000,1010,970.70001,983.70001,944.7147793943711,0,595597,2250182.7
2020-04-02T06:00:00Z,990,1028,985.5,1020,945.463886067064,0,1280619,2269224.6
2020-04-05T06:00:00Z,1040,1066,1020,1030,946.3050414295808,0,586389,2219115.7
2020-04-06T06:00:00Z,1060,1090,1053,1090,947.734842012371,0,1274980,2121809.7
2020-04-07T06:00:00Z,1118,1145,1110,1136,949.6081271664768,0,877314,1993781.15
2020-04-12T06:00:00Z,1178,1205,1153,1179,951.8906333638254,0,1727601,1941732.55
2020-04-13T06:00:00Z,1195,1226,1180,1225,954.6081394995088,0,1723119,1824595.7
2020-04-16T06:00:00Z,1230,1270,1209,1209,957.139401793046,0,7143829,2026880.95
2020-04-19T06:00:00Z,1245,1245,1148,1175,959.3071689393838,0,1350625,1948365.35
2020-04-20T06:00:00Z,1175,1175,1127,1147,961.1747592981959,0,2354281,1939676.1
2020-04-21T06:00:00Z,1131,1156,1112,1136,962.9143139320447,0,1725020,1925006.8
2020-04-22T06:00:00Z,1145,1145,1064,1099,964.2684003605816,0,2476324,1760609.75
2020-04-23T06:00:00Z,1111,1121,1059,1120,965.8179685161978,0,1398360,1768510.1
2020-04-26T06:00:00Z,1158,1177,1140,1177,967.9192822623053,0,655775,1720604.75
2020-04-27T06:00:00Z,1180,1204,1165,1200,970.2285431353172,0,744582,1663688.25
2020-04-30T06:00:00Z,1239,1255,1203,1220,972.713831263324,0,1482807,1650354.35
2020-05-03T06:00:00Z,1190,1215,1175,1198,974.9554846835894,0,413193,1583319.65
2020-05-04T06:00:00Z,1214,1214,1142,1147,976.6673704081308,0,840925,1586065.3
2020-05-05T06:00:00Z,1162,1198,1160,1188,978.7701826428757,0,509540,1573594.3
2020-05-06T06:00:00Z,1183,1205,1169,1182,980.79236988026,0,461430,1481115.5
2020-05-07T06:00:00Z,1189,1204,1178,1184,982.8143363491132,0,1207325,1511701.9
2020-05-10T06:00:00Z,1200,1219,1179,1219,985.1644424550922,0,515183,1473430.1
2020-05-11T06:00:00Z,1219,1220,1182,1216,987.4613136744445,0,758818,1482051.55
2020-05-12T06:00:00Z,1216,1227,1183,1211,989.6855792100221,0,971027,1466853.9
2020-05-13T06:00:00Z,1200,1228,1181,1228,992.0568669790766,0,503685,1448172.45
2020-05-14T06:00:00Z,1240,1260,1141,1200,994.1259528797823,0,1116623,1417623.55
2020-05-17T06:00:00Z,1221,1244,1219,1234,996.5127593187894,0,504349,1356685.05
2020-05-18T06:00:00Z,1240,1298,1221,1274,999.2738263902443,0,1175645,1058275.85
2020-05-19T06:00:00Z,1294,1309,1241,1299,1002.256176376411,0,976105,1039549.85
2020-05-20T06:00:00Z,1299,1350,1282,1350,1005.7163139249044,0,1019260,972798.8
2020-05-21T06:00:00Z,1341,1362,1318,1354,1009.1818232390845,0,1045306,938813.1
2020-05-24T06:00:00Z,1367,1395,1326,1352,1012.592949376009,0,900648,860029.3
2020-05-25T06:00:00Z,1359,1359,1295,1300,1015.4527210240088,0,1283271,854274.85
2020-05-26T06:00:00Z,1328,1328,1272,1320,1018.4830422078495,0,1120081,877490.15
2020-05-27T06:00:00Z,1320,1344,1294,1344,1021.722016912249,0,1441042,912313.15
2020-05-31T06:00:00Z,1355,1366,1321,1362,1025.1078674902367,0,575680,866956.8
2020-06-01T06:00:00Z,1362,1397,1353,1378,1028.6192319928214,0,1771177,934856
2020-06-02T06:00:00Z,1389,1405,1351,1371,1032.026005803838,0,1169020,951260.75
2020-06-03T06:00:00Z,1375,1387,1350,1385,1035.538184850566,0,760461,963806.8
2020-06-04T06:00:00Z,1378,1394,1362,1390,1039.065168085884,0,1470640,1014267.3
2020-06-08T06:00:00Z,1400,1445,1391,1445,1043.1043206422432,0,983887,1003095.4
2020-06-09T06:00:00Z,1447,1466,1428,1466,1047.312237849783,0,506825,1002677.5
2020-06-10T06:00:00Z,1482,1530,1470,1520,1052.0155986671982,0,961988,1012836
2020-06-11T06:00:00Z,1512,1512,1453,1472,1056.1945479341912,0,641628,996366.05
2020-06-14T06:00:00Z,1448,1498,1431,1450,1060.1130101438011,0,517855,997074.55
2020-06-15T06:00:00Z,1414,1484,1390,1484,1064.3307911373952,0,840073,983247.05
2020-06-16T06:00:00Z,1500,1526,1495,1505,1068.7155593847842,0,1042816,1010170.4
2020-06-17T06:00:00Z,1500,1535,1486,1517,1073.176101082448,0,685037,985640
2020-06-18T06:00:00Z,1458,1482,1450,1450,1076.9255926139658,0,3167879,1095228.7
2020-06-21T06:00:00Z,1437,1456,1395,1433,1080.46862154318,0,1798816,1134206.5
2020-06-22T06:00:00Z,1433,1447,1421,1435,1083.9962969507105,0,1075511,1135716.75
2020-06-23T06:00:00Z,1435,1456,1432,1455,1087.6878760855293,0,1078116,1144590.15
2020-06-24T06:00:00Z,1455,1459,1408,1408,1090.875061398111,0,1318163,1146334.75
2020-06-25T06:00:00Z,1393,1414,1362,1362,1093.5728219812145,0,988611,1139761.25
2020-06-28T06:00:00Z,1340,1340,1267,1288,1095.507420767471,0,1269475,1131182.9
2020-06-29T06:00:00Z,1286,1300,1227,1260,1097.1441628493867,0,1579392,1181368.5
2020-06-30T06:00:00Z,1280,1308,1275,1294,1099.102927398149,0,964261,1141022.7
2020-07-01T06:00:00Z,1323,1358,1303,1310,1101.2014057324957,0,774319,1121287.65
2020-07-02T06:00:00Z,1325,1372,1319,1372,1103.8959191082918,0,1841181,1175323.65
2020-07-05T06:00:00Z,1345,1357,1304,1333,1106.1755617042293,0,415077,1122545.5
2020-07-06T06:00:00Z,1349,1369,1301,1360,1108.7011780056798,0,910685,1118885.4
2020-07-07T06:00:00Z,1377,1395,1337,1395,1111.5499225031358,0,706544,1128871.35
2020-07-08T06:00:00Z,1348,1405,1343,1358,1114.002162080219,0,742669,1117905.4
2020-07-09T06:00:00Z,1358,1371,1321,1326,1116.1115933033013,0,615859,1116616.95
2020-07-12T06:00:00Z,1339,1353,1318,1350,1118.4388411311293,0,303839,1105916.15
2020-07-13T06:00:00Z,1340,1383,1340,1346,1120.7031312691279,0,560799,1091952.45
2020-07-14T06:00:00Z,1346,1363,1306,1337,1122.8553389181914,0,426555,1061139.4
2020-07-15T06:00:00Z,1359,1382,1335,1370,1125.3144897747268,0,510234,1052399.25
2020-07-16T06:00:00Z,1366,1394,1354,1378,1127.8287734585604,0,525513,920280.95
2020-07-19T06:00:00Z,1378,1380,1350,1350,1130.039432429122,0,246160,842648.15
2020-07-20T06:00:00Z,1350,1352,1318,1325,1131.9793385741057,0,644109,821078.05
2020-07-21T06:00:00Z,1325,1367,1308,1315,1133.800439682821,0,1054587,819901.6
2020-07-22T06:00:00Z,1319,1367,1319,1367,1136.1208333178179,0,789628,793474.85
2020-07-23T06:00:00Z,1366,1393,1365,1388,1138.6270936828148,0,939824,791035.5
2020-07-26T06:00:00Z,1370,1404,1348,1404,1141.2676201138315,0,239661,739544.8
2020-07-27T06:00:00Z,1417,1440,1405,1436,1144.2002806102114,0,1726048,746877.6
2020-07-28T06:00:00Z,1440,1469,1437,1461,1147.3525166240402,0,1126792,755004.15
2020-07-29T06:00:00Z,1425,1502,1421,1502,1150.8813473043979,0,1362006,784388.5
2020-08-02T06:00:00Z,1518,1556,1517,1540,1154.753174694404,0,1080570,746357.95
2020-08-03T06:00:00Z,1550,1600,1550,1598,1159.163590866599,0,1228717,787039.95
2020-08-04T06:00:00Z,1609,1648,1605,1645,1163.9977839923044,0,1885440,835777.7
2020-08-05T06:00:00Z,1650,1699,1645,1665,1168.982880668998,0,1789806,889940.8
2020-08-06T06:00:00Z,1665,1665,1562,1593,1173.2019564832367,0,11855598,1445587.25
2020-08-09T06:00:00Z,1585,1620,1584,1617,1177.6178574137518,0,462737,1437931.15
2020-08-10T06:00:00Z,1617,1622,1593,1615,1181.969918534013,0,627079,1454093.15
2020-08-11T06:00:00Z,1615,1618,1572,1582,1185.9503173545702,0,928091,1472457.75
2020-08-12T06:00:00Z,1574,1595,1550,1587,1189.940861460495,0,684538,1485356.9
2020-08-13T06:00:00Z,1570,1574,1499,1518,1193.2051314957139,0,2252871,1572488.75
2020-08-16T06:00:00Z,1575,1575,1534,1565,1196.9045829236172,0,515690,1571997.6
2020-08-17T06:00:00Z,1570,1599,1568,1596,1200.875681600994,0,860397,1602709.45
2020-08-18T06:00:00Z,1608,1608,1567,1582,1204.6679633761087,0,586920,1599850
2020-08-19T06:00:00Z,1582,1600,1523,1536,1207.964799561421,0,682170,1581229.15
2020-08-20T06:00:00Z,1516,1519,1468,1509,1210.960174690163,0,839638,1583729.65
2020-08-23T06:00:00Z,1509,1533,1466,1522,1214.0550983250869,0,426077,1558042.3
2020-08-24T06:00:00Z,1538,1559,1517,1559,1217.4873859039417,0,523033,1572210.9
2020-08-25T06:00:00Z,1560,1609,1560,1590,1221.1939790790268,0,956214,1533719.2
2020-08-26T06:00:00Z,1592,1604,1580,1597,1224.9333424712752,0,517447,1503251.95
2020-08-27T06:00:00Z,1589,1607,1571,1607,1228.7350007551431,0,1951135,1532708.4
2020-08-30T06:00:00Z,1609,1609,1566,1582,1232.2500753744948,0,319369,1494648.35
2020-08-31T06:00:00Z,1586,1598,1576,1582,1235.7301741269873,0,648128,1465618.9
2020-09-01T06:00:00Z,1585,1587,1500,1527,1238.6283813496043,0,807505,1411722.15
2020-09-02T06:00:00Z,1532,1550,1503,1513,1241.3584472068221,0,1058287,1375146.2
2020-09-03T06:00:00Z,1513,1514,1452,1453,1243.4643333042666,0,2114526,888092.6
2020-09-06T06:00:00Z,1420,1485,1411,1454,1245.5592155599454,0,1027269,916319.2
2020-09-07T06:00:00Z,1454,1475,1422,1435,1247.444198489697,0,1872879,978609.2
2020-09-08T06:00:00Z,1435,1449,1380,1407,1249.0318184052226,0,1230211,993715.2
2020-09-09T06:00:00Z,1392,1434,1390,1413,1250.6633426001954,0,662358,992606.2
2020-09-10T06:00:00Z,1401,1412,1358,1365,1251.801020783278,0,1487694,954347.35
2020-09-13T06:00:00Z,1350,1370,1317,1370,1252.9771300292157,0,672826,962204.15
2020-09-14T06:00:00Z,1390,1424,1371,1420,1254.6390491334025,0,750499,956709.25
2020-09-15T06:00:00Z,1434,1485,1430,1460,1256.6824416793388,0,960288,975377.65
2020-09-16T06:00:00Z,1465,1485,1430,1457,1258.6756512148677,0,435063,963022.3
2020-09-17T06:00:00Z,1433,1475,1388,1457,1260.6490278196948,0,2266648,1034372.8
2020-09-21T06:00:00Z,1457,1469,1432,1458,1262.6127190851705,0,708219,1048479.9
2020-09-22T06:00:00Z,1459,1480,1452,1479,1264.765826357955,0,478993,1046277.9
2020-09-23T06:00:00Z,1473,1488,1396,1405,1266.161191269816,0,857697,1041352.05
2020-09-24T06:00:00Z,1400,1410,1350,1366,1267.1546122522059,0,1195949,1075277.15
2020-09-29T06:00:00Z,1366,1399,1345,1375,1268.2277006875074,0,620805,1008760.65
2020-09-30T06:00:00Z,1375,1386,1333,1365,1269.190609138378,0,784021,1031993.25
2020-10-01T06:00:00Z,1377,1433,1360,1415,1270.6414488484438,0,843806,1041777.15
2020-10-04T06:00:00Z,1415,1458,1406,1448,1272.4062105514445,0,228303,1012817.05
2020-10-05T06:00:00Z,1453,1454,1429,1454,1274.213113929042,0,415871,980696.25
2020-10-06T06:00:00Z,1449,1462,1412,1453,1275.9920879197978,0,420641,896002
2020-10-07T06:00:00Z,1453,1493,1450,1488,1278.1016193832825,0,814348,885355.95
2020-10-08T06:00:00Z,1523,1590,1523,1590,1281.2050858570806,0,1959077,889665.85
2020-10-11T06:00:00Z,1628,1635,1563,1567,1284.0488163460648,0,503296,853320.1
2020-10-12T06:00:00Z,1511,1550,1477,1510,1286.2970868301836,0,4086644,1024534.4
2020-10-13T06:00:00Z,1500,1546,1446,1485,1288.2742302448087,0,4565063,1178402.85
2020-10-14T06:00:00Z,1485,1509,1473,1485,1290.2317005906316,0,2671149,1278319
2020-10-15T06:00:00Z,1469,1477,1401,1450,1291.8214349131129,0,15840893,2032838.7
2020-10-18T06:00:00Z,1465,1496,1460,1476,1293.6540574512908,0,933870,2031517.8
2020-10-19T06:00:00Z,1489,1500,1480,1487,1295.577897675656,0,1720380,2095783.65
2020-10-20T06:00:00Z,1487,1524,1479,1501,1297.6218986938086,0,1792697,2072086.1
2020-10-21T06:00:00Z,1517,1526,1507,1516,1299.794815124716,0,620430,2067696.65
2020-10-22T06:00:00Z,1490,1504,1480,1494,1301.7272050239726,0,987296,2093111.8
2020-10-25T07:00:00Z,1505,1522,1496,1510,1303.799571143137,0,609336,2080693.75
2020-10-26T07:00:00Z,1500,1505,1455,1472,1305.4732072511654,0,603714,2051082
2020-10-27T07:00:00Z,1478,1485,1436,1471,1307.1202400148354,0,725174,2056300.45
2020-10-28T07:00:00Z,1450,1488,1445,1469,1308.730983895285,0,988243,2066511.55
2020-10-29T07:00:00Z,1481,1481,1421,1454,1310.176446742098,0,1479415,2098292
2020-11-01T07:00:00Z,1449,1452,1426,1436,1311.4284223964055,0,292620,2101507.85
2020-11-02T07:00:00Z,1435,1456,1425,1446,1312.7674430690781,0,411740,2101301.3
2020-11-03T07:00:00Z,1440,1440,1416,1423,1313.8642844315748,0,778332,2119185.85
2020-11-04T07:00:00Z,1405,1445,1405,1433,1315.0497144372307,0,750612,2115999.05
2020-11-05T07:00:00Z,1450,1464,1418,1420,1316.0939958856166,0,1497064,2092898.4
2020-11-08T07:00:00Z,1430,1466,1426,1465,1317.5756476678491,0,795164,2107491.8
2020-11-09T07:00:00Z,1487,1500,1430,1449,1318.883352666179,0,1752782,1990798.7
2020-11-10T07:00:00Z,1452,1452,1425,1439,1320.0785431869135,0,1172372,1821164.15
2020-11-11T07:00:00Z,1439,1454,1420,1430,1321.1722890258498,0,807748,1727994.1
2020-11-12T07:00:00Z,1430,1470,1430,1470,1322.6531617718613,0,857533,978826.1
2020-11-15T07:00:00Z,1485,1487,1461,1473,1324.1491502119422,0,262428,945254
2020-11-16T07:00:00Z,1489,1489,1462,1487,1325.769556677495,0,378174,878143.7
2020-11-17T07:00:00Z,1443,1458,1377,1405,1326.5579192976195,0,2638202,920418.95
2020-11-18T07:00:00Z,1409,1409,1355,1370,1326.9901788070958,0,2538516,1016323.25
2020-11-19T07:00:00Z,1370,1388,1340,1360,1327.3186347393635,0,1471104,1040513.65
2020-11-22T07:00:00Z,1361,1399,1361,1389,1327.93237966733,0,368171,1028455.4
2020-11-23T07:00:00Z,1400,1400,1339,1341,1328.062405740292,0,1511008,1073820.1
2020-11-24T07:00:00Z,1353,1358,1318,1330,1328.0816852851647,0,1878264,1131474.6
2020-11-25T07:00:00Z,1333,1353,1321,1353,1328.329628715163,0,2096131,1186869
2020-11-26T07:00:00Z,1362,1369,1350,1351,1328.555204548843,0,942330,1160014.75
2020-11-29T07:00:00Z,1356,1376,1338,1345,1328.718834354327,0,605428,1175655.15
2020-11-30T07:00:00Z,1329,1360,1317,1360,1329.0300897338861,0,673543,1188745.3
2020-12-01T07:00:00Z,1355,1366,1346,1359,1329.3282977962356,0,382251,1168941.25
2020-12-02T07:00:00Z,1349,1357,1300,1303,1329.0663246838353,0,996336,1181227.45
2020-12-03T07:00:00Z,1312,1316,1303,1304,1328.816908517827,0,781201,1145434.3
2020-12-06T07:00:00Z,1329,1330,1309,1329,1328.8187303236198,0,468950,1129123.6
2020-12-07T07:00:00Z,1329,1346,1316,1346,1328.9896882308474,0,1169040,1099936.5
2020-12-08T07:00:00Z,1346,1358,1330,1335,1329.0494923280528,0,1333032,1107969.5
2020-12-09T07:00:00Z,1339,1383,1338,1383,1329.586313299913,0,1640876,1149625.9
2020-12-10T07:00:00Z,1376,1382,1354,1376,1330.048141028272,0,598215,1136660
2020-12-13T07:00:00Z,1390,1400,1381,1394,1330.6844779334633,0,348563,1140966.75
2020-12-14T07:00:00Z,1399,1424,1368,1386,1331.2348811381055,0,1266161,1185366.1
2020-12-15T07:00:00Z,1390,1395,1340,1358,1331.5012007287712,0,1244530,1115682.5
2020-12-16T07:00:00Z,1374,1395,1363,1373,1331.9141241046043,0,1193179,1048415.65
2020-12-17T07:00:00Z,1376,1381,1346,1369,1332.2831377951059,0,1004616,1025091.25
2020-12-20T07:00:00Z,1377,1386,1313,1336,1332.320121498637,0,1147104,1064037.9
2020-12-21T07:00:00Z,1328,1329,1297,1315,1332.1477819812376,0,1421041,1059539.55
2020-12-22T07:00:00Z,1315,1367,1315,1365,1332.4746697227179,0,830748,1007163.75
2020-12-23T07:00:00Z,1365,1381,1361,1381,1332.9575088299546,0,528021,928758.25
2020-12-24T07:00:00Z,1404,1408,1380,1408,1333.704200284383,0,1284869,945885.2
2020-12-27T07:00:00Z,1420,1420,1391,1408,1334.4434619730955,0,318662,931546.9
2020-12-28T07:00:00Z,1420,1464,1392,1464,1335.7325817544577,0,1336659,964702.7
2020-12-29T07:00:00Z,1465,1473,1437,1448,1336.8496704932193,0,835632,987371.75
2020-12-30T07:00:00Z,1453,1453,1425,1452,1337.9954449161723,0,843231,979716.5
2020-12-31T07:00:00Z,1452,1474,1427,1466,1339.2691220811855,0,512595,966286.2
2021-01-03T07:00:00Z,1469,1473,1460,1467,1340.540076090328,0,237754,954726.4
2021-01-04T07:00:00Z,1464,1464,1409,1411,1341.2411698605736,0,806303,936589.55
2021-01-05T07:00:00Z,1401,1401,1364,1388,1341.7064318520106,0,742799,907077.9
2021-01-06T07:00:00Z,1401,1460,1394,1460,1342.8834822813437,0,1718440,910956.1
2021-01-07T07:00:00Z,1470,1535,1463,1531,1344.755288427798,0,1631882,962639.45
2021-01-10T07:00:00Z,1544,1548,1501,1502,1346.3199124235412,0,573362,973879.4
2021-01-11T07:00:00Z,1502,1505,1456,1460,1347.4510575735558,0,703029,945722.8
2021-01-12T07:00:00Z,1450,1477,1427,1438,1348.3520420753114,0,691763,918084.45
2021-01-13T07:00:00Z,1438,1450,1401,1450,1349.3634645422237,0,443376,880594.3
2021-01-14T07:00:00Z,1451,1459,1422,1440,1350.2653206164305,0,431928,851959.9
2021-01-17T07:00:00Z,1420,1426,1406,1416,1350.9193970282072,0,537697,821489.55
2021-01-18T07:00:00Z,1416,1435,1393,1435,1351.7560199433494,0,1292525,815063.75
2021-01-19T07:00:00Z,1440,1443,1409,1418,1352.4151640235152,0,806859,813869.3
2021-01-20T07:00:00Z,1413,1413,1366,1380,1352.6896400033806,0,1928360,883886.25
2021-01-21T07:00:00Z,1380,1392,1340,1351,1352.6728276650385,0,949844,867135
2021-01-24T07:00:00Z,1352,1368,1315,1319,1352.337774653446,0,311886,866796.2
2021-01-25T07:00:00Z,1323,1334,1302,1320,1352.0160057514217,0,1210553,860490.9
2021-01-26T07:00:00Z,1316,1340,1312,1324,1351.7372395250395,0,617641,849591.35
2021-01-27T07:00:00Z,1324,1330,1255,1269,1350.9139834103626,0,1657022,890280.9
2021-01-28T07:00:00Z,1236,1263,1218,1240,1349.8103616848864,0,2602619,994782.1
2021-01-31T07:00:00Z,1225,1233,1204,1211,1348.429164056181,0,626426,1014215.7
2021-02-01T07:00:00Z,1219,1266,1200,1266,1347.6089733690549,0,1351997,1041500.4
2021-02-02T07:00:00Z,1266,1289,1260,1267,1346.8068940320493,0,910846,1049902.75
2021-02-03T07:00:00Z,1287,1295,1264,1292,1346.2615518028747,0,963742,1012167.85
2021-02-04T07:00:00Z,1292,1293,1260,1260,1345.4032279043386,0,1911616,1026154.55
2021-02-07T07:00:00Z,1272,1280,1266,1272,1344.672847527181,0,296220,1012297.45
2021-02-08T07:00:00Z,1279,1285,1249,1256,1343.7905306363632,0,454578,999874.9
2021-02-09T07:00:00Z,1256,1256,1223,1238,1342.737888540479,0,467754,988674.45
2021-02-10T07:00:00Z,1230,1233,1192,1230,1341.6161185052504,0,1588994,1045955.35
2021-02-11T07:00:00Z,1225,1225,1171,1208,1340.2866048882827,0,1044688,1076593.35
2021-02-14T07:00:00Z,1220,1224,1203,1224,1339.1295242426281,0,441255,1071771.25
2021-02-15T07:00:00Z,1230,1265,1228,1265,1338.3919170362337,0,1762860,1095288
2021-02-16T07:00:00Z,1270,1289,1255,1289,1337.9004551751766,0,558594,1082874.75
2021-02-17T07:00:00Z,1289,1289,1224,1228,1336.8069183077619,0,913907,1032152.1
2021-02-18T07:00:00Z,1228,1259,1225,1235,1335.7939141454956,0,714723,1020396.05
2021-02-21T07:00:00Z,1250,1256,1231,1236,1334.8009398753911,0,404103,1025006.9
2021-02-22T07:00:00Z,1222,1238,1213,1230,1333.7581444537454,0,658507,997404.6
2021-02-23T07:00:00Z,1223,1236,1173,1190,1332.3277151556981,0,976048,1015324.95
2021-02-24T07:00:00Z,1193,1224,1184,1190,1330.9115189849947,0,927639,978855.8
2021-02-25T07:00:00Z,1189,1206,1145,1160,1329.2109068557909,0,1316745,914562.1
2021-02-28T07:00:00Z,1150,1177,1150,1156,1327.4874152452855,0,516451,909063.35
2021-03-01T07:00:00Z,1173,1190,1154,1190,1326.1193812627455,0,2050541,943990.55
2021-03-02T07:00:00Z,1193,1200,1158,1170,1324.5659545835142,0,1163170,956606.75
2021-03-03T07:00:00Z,1164,1167,1126,1138,1322.7095769259668,0,1348267,975833
2021-03-04T07:00:00Z,1132,1152,1109,1136,1320.851770190385,0,1876924,974098.4
2021-03-07T07:00:00Z,1140,1148,1111,1126,1318.912946606401,0,480092,983292
2021-03-08T07:00:00Z,1126,1146,1094,1142,1317.1526187794716,0,1862610,1053693.6
2021-03-09T07:00:00Z,1145,1205,1145,1198,1315.967020582661,0,855898,1073100.8
2021-03-10T07:00:00Z,1204,1209,1177,1181,1314.6240651539779,0,874927,1037397.45
2021-03-11T07:00:00Z,1189,1231,1189,1231,1313.7919849036896,0,1221275,1046226.8
2021-03-14T07:00:00Z,1240,1262,1227,1244,1313.0975372927076,0,436053,1045966.7
2021-03-15T07:00:00Z,1257,1358,1255,1355,1313.5144772201434,0,3908950,1153271.2
2021-03-16T07:00:00Z,1345,1365,1317,1345,1313.8277660040226,0,4250841,1337883.55
2021-03-17T07:00:00Z,1345,1352,1285,1295,1313.6404250487587,0,3394983,1461937.35
2021-03-18T07:00:00Z,1318,1347,1227,1232,1312.8280825109603,0,7547847,1803593.55
2021-03-21T07:00:00Z,1232,1251,1217,1220,1311.9044199984135,0,442783,1805527.55
2021-03-22T07:00:00Z,1216,1235,1184,1188,1310.6715401974343,0,1439580,1844581.2
2021-03-24T07:00:00Z,1176,1240,1165,1240,1309.9683407924847,0,2017376,1896647.6
2021-03-25T07:00:00Z,1223,1277,1223,1257,1309.4412926253954,0,1997274,1950129.35
2021-03-29T06:30:00Z,1257,1305,1230,1305,1309.3971006589736,0,550716,1911827.9
2021-03-30T06:30:00Z,1305,1305,1255,1263,1308.9354379658496,0,374524,1904731.55
2021-03-31T06:30:00Z,1284,1284,1237,1265,1308.498269428876,0,529782,1828693.6
2021-04-01T06:30:00Z,1259,1296,1259,1279,1308.2047543101808,0,500833,1795576.75
2021-04-04T06:00:00Z,1279,1289,1266,1284,1307.9639109837112,0,267120,1741519.4
2021-04-05T06:00:00Z,1288,1306,1262,1262,1307.5065586356145,0,1715878,1733467.1
2021-04-06T06:00:00Z,1268,1279,1236,1252,1306.9542545695886,0,1826659,1800795.45
2021-04-07T06:00:00Z,1252,1275,1230,1245,1306.337794325115,0,1314950,1773412.45
2021-04-08T06:00:00Z,1246,1254,1235,1242,1305.6976172671536,0,1339016,1797568.35
2021-04-11T06:00:00Z,1245,1330,1244,1314,1305.7802280406147,0,924060,1800025
2021-04-12T06:00:00Z,1300,1323,1272,1306,1305.7824148262803,0,1628821,1820402.3
2021-04-13T06:00:00Z,1302,1313,1273,1284,1305.5656743802476,0,8216498,2209424.55
2021-04-18T06:00:00Z,1271,1305,1271,1287,1305.3809413018373,0,498224,2038888.25
2021-04-19T06:00:00Z,1272,1283,1242,1255,1304.8796384033117,0,1861239,1919408.15
2021-04-20T06:00:00Z,1267,1270,1193,1213,1303.9654131455673,0,1683902,1833854.1
2021-04-21T06:00:00Z,1213,1236,1195,1195,1302.8811801789448,0,991030,1506013.25
2021-04-22T06:00:00Z,1196,1230,1186,1228,1302.136093809005,0,2265391,1597143.65
2021-04-25T06:00:00Z,1237,1248,1228,1248,1301.5974262089153,0,223309,1536330.1
2021-04-26T06:00:00Z,1248,1277,1234,1258,1301.1636209730057,0,1067779,1488850.25
2021-04-27T06:00:00Z,1250,1291,1250,1283,1300.9828884260105,0,568667,1417419.9
2021-04-28T06:00:00Z,1281,1290,1245,1270,1300.6746009789856,0,407101,1410239.15
2021-04-29T06:00:00Z,1277,1281,1262,1279,1300.458933307553,NaN,595873,1421306.6