time,open,high,low,close,Plot,EMA,EMA,EMA,Volume,Volume MA,RSI
2020-05-18T09:30:00-04:00,4.4,4.63,4.36,4.58,3.96,4.490173715160237,5.378174567726871,4.63377057609557,2371694,3064202.9,47.918690296630096
2020-05-19T09:30:00-04:00,4.58,4.75,4.37,4.44,3.96,4.4824205722466735,5.368839497401231,4.626171729974175,1840732,2949137,46.22657620143075
2020-05-20T09:30:00-04:00,4.5,4.69,4.335,4.43,3.96,4.472909567585598,5.359497810859925,4.618478720955579,2543609,2942410.8,46.10135006112571
2020-05-21T09:30:00-04:00,4.45,4.65,4.4,4.44,3.96,4.468205724515559,5.3503485789110705,4.61147955542791,1971906,2927713.45,46.25813368352288
2020-05-22T09:30:00-04:00,4.46,4.49,4.13,4.18,3.96,4.4463860003532645,5.338703319419418,4.594558788548384,2379851,2934878.8,42.77425300225045
2020-05-26T09:30:00-04:00,4.34,4.61,4.33,4.42,3.96,4.438877226136925,5.3295619928580305,4.587713345860212,3545926,2748418.2,46.76022253058887
2020-05-27T09:30:00-04:00,4.57,4.71,4.355,4.69,3.96,4.4334657921926075,5.32319819193407,4.591724587199027,3146603,2645738.9,50.90337880738588
2020-05-28T09:30:00-04:00,4.75,4.76,4.3,4.33,3.96,4.4248550959221165,5.313315622860099,4.581460877897105,2184367,2586455,45.7870211820914
2020-05-29T09:30:00-04:00,4.33,4.42,4.05,4.06,3.96,4.400670896185206,5.3008448206425856,4.561011431705062,3973540,2676455.5,42.349037771573975
2020-06-01T09:30:00-04:00,4.12,4.355,4.02,4.13,3.96,4.376111483528096,5.2891946234222615,4.5441090226185885,2618424,2607096.8,43.532832359758
2020-06-02T09:30:00-04:00,4.27,4.308,4.06,4.18,4.02,4.355717194268219,5.27815786100015,4.529830237417859,2369780,2522180.55,44.410876330921084
2020-06-03T09:30:00-04:00,4.24,4.52,4.2,4.44,4.02,4.345670923670269,5.269817981786217,4.526307483009315,3037424,2568755.8,48.863719727745924
2020-06-04T09:30:00-04:00,4.44,4.72,4.37,4.47,4.02,4.347240541497994,5.261859593907747,4.524099346420715,3514299,2575988.75,49.36769345420568
2020-06-05T09:30:00-04:00,4.29,4.41,4.09,4.14,4.02,4.330644377530382,5.250696811878814,4.509036626953236,6274428,2764650.4,44.206583806013846
2020-06-08T09:30:00-04:00,4.28,5.1382,4.2737,5.01,4.02,4.32697054672197,5.248301818725792,4.528682249425658,10133663,3153650.5,56.976679937583484
2020-06-09T09:30:00-04:00,5,5,4.5519,4.96,4.02,4.341482124352811,5.245433143912599,4.545596671016808,8073448,3472365,56.18082347268384
2020-06-10T09:30:00-04:00,4.78,5.53,4.68,5.07,4.02,4.363321987297791,5.243687540490583,4.5661615074475215,10606372,3870725.75,57.584507905670314
2020-06-11T09:30:00-04:00,4.64,4.8999,4.18,4.37,4.02,4.351494762310836,5.234994132127493,4.558468899312325,6235993,4038381.55,47.21857905283146
2020-06-12T09:30:00-04:00,4.6,4.78,4.39,4.72,4.02,4.3539789711940085,5.229869812404831,4.564803452280469,4378192,4157047.75,51.88258934498579
2020-06-15T09:30:00-04:00,4.5,4.77,4.42,4.69,4.02,4.358238392407298,5.2244979734754295,4.56971312081849,3910385,4255531.8,51.46282078916263
2020-06-16T09:30:00-04:00,4.95,4.95,4.51,4.64,4.02,4.368029463864891,5.218682073241843,4.572469469021686,3123535,4293123.85,50.726183194811775
2020-06-17T09:30:00-04:00,4.54,4.831,4.5301,4.76,4.02,4.378485627486511,5.2141180725130685,4.5798236074914245,3593466,4380760.55,52.48408773977614
2020-06-18T09:30:00-04:00,4.67,4.95,4.65,4.95,4.02,4.396002683777704,5.21149003199055,4.594340328766271,3423827,4424771.45,55.208848345963496
2020-06-19T09:30:00-04:00,4.95,5.084,4.69,4.88,4.02,4.414970252566239,5.208191623712037,4.605542668814652,7365867,4694469.5,53.98068316980282
2020-06-22T09:30:00-04:00,4.79,4.95,4.715,4.87,4.02,4.434327010465192,5.204826532928832,4.615913544547411,3178966,4734425.25,53.79656811318522
2020-06-23T09:30:00-04:00,4.95,4.99,4.8,4.83,4.02,4.457918816241631,5.20109691568576,4.624309091820061,3205372,4717397.55,53.01760709222241
2020-06-24T09:30:00-04:00,4.83,4.84,4.38,4.41,4.02,4.452891795838945,5.193225304584409,4.615904813709471,2976209,4708877.85,45.5582385944
2020-06-25T09:30:00-04:00,4.33,4.54,4.295,4.46,4.02,4.442705228365464,5.18592953040944,4.609790899446354,2450936,4722206.3,46.52285697813744
2020-06-26T09:30:00-04:00,4.48,4.5,4.27,4.35,4.295,4.431562955567692,5.177611823639197,4.599603021036693,3801155,4713587.05,44.64856090121264
2020-06-29T09:30:00-04:00,4.35,4.52,4.3,4.38,4.27,4.423075022950422,5.169675387583085,4.590991137858784,2131330,4689232.35,45.295860389846794
2020-06-30T09:30:00-04:00,4.33,4.51,4.2,4.34,4.27,4.408683085985879,5.161419911089721,4.581148348138831,3889029,4765194.8,44.54781800874112
2020-07-01T09:30:00-04:00,4.31,4.5,4.31,4.44,4.2,4.402316435277112,5.15424160351669,4.575613118800054,2304101,4728528.65,46.90839535099261
2020-07-02T09:30:00-04:00,4.49,4.51,4.29,4.29,4.2,4.39507021364633,5.145642184576225,4.564412604337306,1887751,4647201.25,43.890227629997064
2020-07-06T09:30:00-04:00,4.31,4.34,4.19,4.24,4.2,4.381839877282051,5.136630819555566,4.551690541422118,2140879,4440523.8,42.89937919138243
2020-07-07T09:30:00-04:00,4.2,4.2475,4.06,4.09,4.19,4.361076014231596,5.126216582545063,4.533585029993799,2456970,4056689.15,39.98314569735639
2020-07-08T09:30:00-04:00,4.1,4.29,4.03,4.26,4.06,4.339716271377945,5.117597512071978,4.52285620528816,2052829,3755658.2,44.5811672851394
2020-07-09T09:30:00-04:00,4.27,4.32,4.13,4.21,4.03,4.326186189353561,5.108566691056336,4.510587334492546,1992621,3324970.65,43.52497717737132
2020-07-10T09:30:00-04:00,4.2,4.38,4.1843,4.34,4.03,4.317032241653331,5.100919261294582,4.503897635100682,1410828,3083712.4,47.03824349176554
2020-07-13T09:30:00-04:00,4.35,4.5479,4.26,4.26,4.03,4.313352742191826,5.092551905460804,4.494333021959479,4216265,3075616.05,45.175764077222404
2020-07-14T09:30:00-04:00,4.22,4.31,4.0725,4.08,4.03,4.297813855598805,5.082476762122886,4.4780846681571465,2261589,2993176.25,41.22095405415807
2020-07-15T09:30:00-04:00,4.13,4.29,4.13,4.19,4.03,4.2869871552375916,5.073596396330619,4.466787230190199,1474126,2910705.8,44.42294788150229
2020-07-16T09:30:00-04:00,4.19,4.2,4.09,4.17,4.03,4.274278306512586,5.064605387411906,4.45514851528078,1330461,2797555.55,43.95411347421594
2020-07-17T09:30:00-04:00,4.16,4.23,3.9381,3.96,4.03,4.252589383511774,5.0536142890296984,4.43573092644624,3066549,2779691.65,39.26788368642903
2020-07-20T09:30:00-04:00,3.95,4.06,3.77,3.85,3.9381,4.221454584575531,5.041638027447314,4.412761086193447,3401088,2581452.7,37.04019067361878
2020-07-21T09:30:00-04:00,3.9,4.09,3.88,4.01,3.77,4.1994252565384,5.031372972447838,4.396966533793703,3341012,2589555,42.178488441842404
2020-07-22T09:30:00-04:00,4.02,4.12,3.92,4.11,3.77,4.1813978206326965,5.022205082174725,4.385712944233166,2523547,2555463.75,45.18931537104815
2020-07-23T09:30:00-04:00,4.09,4.305,4.06,4.11,3.77,4.173565703172523,5.013128414690399,4.3749006719102965,3237550,2568530.8,45.18931537104815
2020-07-24T09:30:00-04:00,4.06,4.23,4.01,4.03,3.77,4.163013077161392,5.003346042404923,4.361375155364795,2216295,2556798.75,43.1067392828014
2020-07-27T09:30:00-04:00,4.02,4.12,3.95,4.01,3.77,4.149270297989689,4.993462002181988,4.347595737507351,2472696,2490375.8,42.578440561823456
2020-07-28T09:30:00-04:00,3.96,4.049,3.92,3.94,3.77,4.134478665861322,4.982979793205053,4.331611590938436,4555392,2611578.9,40.69841145844023
2020-07-29T09:30:00-04:00,3.94,4.18,3.92,4.06,3.77,4.120641332579947,4.9737959146657,4.320960155999673,2879626,2561108.75,45.16808804690565
2020-07-30T09:30:00-04:00,4,4.23,3.97,4.1,3.77,4.110922536929627,4.965101427952608,4.312295051842823,2398485,2565827.95,46.61257031185651
2020-07-31T09:30:00-04:00,4.06,4.16,3.99,4.01,3.77,4.103121082934168,4.95559793115706,4.300440343927418,1879553,2565418.05,43.815679107964705
2020-08-03T09:30:00-04:00,4.03,4.25,3.995,4.15,3.77,4.0961455291964795,4.9475820313445515,4.294540722596931,2518010,2584274.6,48.947373891143606
2020-08-04T09:30:00-04:00,4.13,4.7375,4.13,4.43,3.77,4.098329688603158,4.942431961380924,4.299852851122542,10361363,2979494.25,57.33973092398617
2020-08-05T09:30:00-04:00,4.5,4.76,4.245,4.63,3.77,4.107792289338438,4.93932318564579,4.312799798137344,4925697,3123137.65,62.12860889483867
2020-08-06T09:30:00-04:00,4.6,4.655,4.3801,4.43,3.77,4.125360528735959,4.934255293251304,4.317395884484899,1901224,3118567.8,55.427865072300754
2020-08-07T09:30:00-04:00,4.39,4.4,4.06,4.16,3.77,4.121143720430413,4.9265512604826345,4.31122349685804,3341099,3215081.35,47.91476461280236
2020-08-10T09:30:00-04:00,4.2,4.57,4.18,4.33,3.77,4.124940899757483,4.920615427044996,4.311959830314588,4561772,3232356.7,52.29894920593653
2020-08-11T09:30:00-04:00,4.43,4.57,4.34,4.35,3.77,4.138815680418291,4.914937661601763,4.3134516016747995,3139105,3276232.5,52.80228857293463
2020-08-12T09:30:00-04:00,4.4,4.63,4.36,4.52,3.77,4.153085636520337,4.911007933625626,4.321551538864023,3057594,3355405.9,56.959602631031856
2020-08-13T09:30:00-04:00,4.52,4.71,4.4966,4.64,3.77,4.175247853519025,4.908311337271142,4.334039713810532,2128313,3395298.5,59.66068262402071
2020-08-14T09:30:00-04:00,4.6,4.83,4.545,4.75,3.77,4.199102830711346,4.906736100084364,4.350351881896394,3474692,3415705.65,62.0140018303525
2020-08-17T09:30:00-04:00,4.78,4.78,4.555,4.63,3.77,4.222063938407388,4.903982507048699,4.361318474763202,2370970,3364199.75,58.03635973834075
2020-08-18T09:30:00-04:00,4.61,4.87,4.435,4.81,3.77,4.235801748832717,4.903047357724831,4.378913828694056,3834840,3388891.15,61.97610785716941
2020-08-19T09:30:00-04:00,4.8,4.84,4.64,4.72,3.77,4.261879055359638,4.901225990981301,4.392289756980564,2612583,3393342.95,58.99377458561251
2020-08-20T09:30:00-04:00,4.62,4.68,4.51,4.61,3.77,4.277886858239661,4.898328219926761,4.400827413569562,2441184,3353524.65,55.479777137310734
2020-08-21T09:30:00-04:00,4.6,5.6,4.595,5.03,3.77,4.298345770611296,4.899638386892663,4.425500848331541,10642591,3774839.45,64.23868610462836
2020-08-24T09:30:00-04:00,5.1,5.13,4.56,4.87,3.77,4.315226688636374,4.899343477570348,4.442932187612657,4585366,3880472.95,59.440976126333645
2020-08-25T09:30:00-04:00,4.88,5.25,4.88,4.98,3.77,4.351663676466285,4.900146030032334,4.4639936704513765,2998678,3802637.25,61.566215615661314
2020-08-26T09:30:00-04:00,4.97,5.22,4.9199,5.11,3.77,4.388324084436202,4.9022341292359926,4.489327252002303,2779664,3797639.15,63.96908946215845
2020-08-27T09:30:00-04:00,5.11,5.3799,5.02,5.25,3.77,4.429077369311286,4.9056944861590175,4.51915755584535,3384658,3846947.8,66.40500260986806
2020-08-28T09:30:00-04:00,5.3,5.565,5.215,5.39,3.77,4.479782055162171,4.910513446495743,4.553308239929846,4236926,3964816.45,68.68494769642675
2020-08-31T09:30:00-04:00,5.77,7.15,5.69,6.68,3.77,4.557860632248483,4.928120277873895,4.636707916795342,37975999,5737715.9,81.28697005530168
2020-09-01T09:30:00-04:00,7.3,7.82,6.77,7.65,3.77,4.700579301135678,4.955203658193558,4.75487623378376,23211046,6380200.05,85.88630101986436
2020-09-02T09:30:00-04:00,7.8,8.05,7.11,7.71,3.77,4.856025797836602,4.982614567067254,4.870763440302044,13011113,6784470.85,86.11365507136135
2020-09-03T09:30:00-04:00,7.88,8.45,7.24,7.82,3.77,5.00983058507295,5.010847257942207,4.986419775976474,14344502,7406634.75,86.54168931537548
2020-09-04T09:30:00-04:00,7.78,7.92,7.17,7.65,3.77,5.149196353777921,5.037107484231339,5.090873902408769,7661994,7622679.5,82.31860744253689
2020-09-08T09:30:00-04:00,7.55,8.28,7.48,7.7,3.77,5.299570782566442,5.063603927174311,5.193192572902543,9816620,7885421.9,82.58773927017509
2020-09-09T09:30:00-04:00,7.96,7.99,7.31,7.35,3.77,5.429275893368607,5.086354136854169,5.277773256318129,9068082,8181870.75,74.08670797224262
2020-09-10T09:30:00-04:00,6.65,6.95,6.19,6.23,3.77,5.478354867989987,5.09773369768149,5.3151154815605555,15558278,8806904.95,54.68767243940371
2020-09-11T09:30:00-04:00,6.26,6.33,5.87,6.09,3.77,5.503622295861601,5.107606994221973,5.3455031097346515,6061190,9003548.8,52.82567287463094
2020-09-14T09:30:00-04:00,6.8,7,6.43,6.91,3.77,5.5633885993544006,5.125541252985934,5.406855928960743,10118972,9335762.8,61.16583680133263
2020-09-15T09:30:00-04:00,6.86,7.26,6.685,7.09,3.77,5.635750625202504,5.1450881061900535,5.47286157880542,5743489,9504388.75,62.72375402072989
2020-09-16T09:30:00-04:00,7.03,9.04,7.03,8.68,3.77,5.725702197770084,5.1802613588647795,5.598631712969913,19346508,10279972.15,73.02004744037794
2020-09-17T09:30:00-04:00,8.57,9.77,8.41,9.2,3.77,5.8988827011397555,5.22025875827906,5.739861841873053,17026720,11000679,75.41205163367341
2020-09-18T09:30:00-04:00,9.2,9.77,8.91,9.47,3.77,6.0931483333242875,5.2625447407837465,5.886141769642737,17407513,11748995.45,76.57343212234959
2020-09-21T09:30:00-04:00,9.35,9.6,8.38,8.75,3.77,6.2406871505291726,5.297245788139132,5.9984499355391,7639806,11598856.2,67.42722679623274
2020-09-22T09:30:00-04:00,10.45,11.1699,9.9,10.56,3.77,6.476771850495032,5.349611501689987,6.177334251792469,34752484,13107212.1,75.38641077699022
2020-09-23T09:30:00-04:00,10.6,10.86,9.92,10.04,3.77,6.6989156020759975,5.396282034011479,6.32881133995747,10651152,13489835.8,70.08775837043946
2020-09-24T09:30:00-04:00,9.71,9.81,9.01,9.14,3.77,6.848017821296901,5.4335329590461905,6.4390540325081576,7938838,13747794.5,61.96931263557896
2020-09-25T09:30:00-04:00,9.19,10.1826,9.1,10.02,3.77,6.993306994116456,5.47916944701588,6.5794832861352885,7515157,13954319.45,66.10367198459366
2020-09-28T09:30:00-04:00,10.16,10.26,9.55,10.09,3.77,7.158254929979911,5.525048357990847,6.71715060824763,6764323,14080689.3,66.41642465594899
2020-09-29T09:30:00-04:00,10,10.65,9.93,10.35,3.77,7.3370771925618525,5.573057827065565,6.859615290277135,5244339,12444106.3,67.61177580238079
2020-09-30T09:30:00-04:00,10.25,10.7597,10.06,10.2,3.77,7.512749631751411,5.619097052666903,6.990610769089796,6079033,11587505.65,66.14894502424997
2020-10-01T09:30:00-04:00,10.09,10.25,9.69,9.77,3.77,7.653217397444868,5.660399569555789,7.0996064252039215,4554055,11164652.75,62.007268046265786
2020-10-02T09:30:00-04:00,9.38,9.78,9.3,9.39,3.77,7.759461436319392,5.69751002160001,7.189425781078278,4340484,10664451.85,58.520211324335705
2020-10-05T09:30:00-04:00,9.44,9.59,9.2502,9.46,3.77,7.855638117847173,5.73494773282787,7.278467907310502,2804969,10421600.6,58.97786171304118
2020-10-06T09:30:00-04:00,9.56,9.835,9.1,9.13,3.77,7.935919529598968,5.768729347426598,7.351077008984601,4535421,10157540.65,55.849498560888804
2020-10-07T09:30:00-04:00,9.23,9.56,9.1678,9.36,3.77,8.01539568897968,5.804463383770612,7.429858302749911,3308644,9869568.75,57.53996692123541
2020-10-08T09:30:00-04:00,9.54,13.64,9.19,13.49,3.77,8.091176612271314,5.880936384927123,7.667510918328346,76453557,12914332.7,75.60357485131593
2020-10-09T09:30:00-04:00,12.83,14.8,11.9,12.02,3.77,8.3369071534151,5.9420215950273505,7.83819676466841,77152780,16468912.2,65.00341719663712
2020-10-12T09:30:00-04:00,11.66,12.7662,11.4,11.8,3.77,8.534526046743158,6.000309937365387,7.9935615974265115,23655701,17145748.65,63.56696396008597
2020-10-13T09:30:00-04:00,11.73,12.42,11.65,11.88,3.77,8.735524366308116,6.058814316098069,8.14597094654704,10179708,17367559.6,63.87954348333859
2020-10-14T09:30:00-04:00,12.67,12.68,12.05,12.25,3.77,8.949361503965656,6.120418153748835,8.306913262368724,10776762,16939072.3,65.35981631309357
2020-10-15T09:30:00-04:00,11.99,15.1,11.99,13.83,3.77,9.145531729516259,6.197130410925463,8.523504899138578,39894822,18082477.4,70.85298214936057
2020-10-16T09:30:00-04:00,13.77,13.9,13.08,13.31,3.77,9.399368392128114,6.2679052327072995,8.711210589368438,11651578,17794680.65,67.08261660156644
2020-10-19T09:30:00-04:00,13.44,14.5,13.38,13.91,3.77,9.65618333457146,6.343945976660461,8.91508468390301,13169073,18071144,69.12423971973986
2020-10-20T09:30:00-04:00,14.03,14.143,13.665,13.86,3.77,9.914816667824915,6.418732583857869,9.109002931593087,6603951,16663717.35,68.74161463826086
2020-10-21T09:30:00-04:00,13.9,14.42,13.8,14.1,3.77,10.165473656997502,6.495163105411522,9.304728306824732,5361928,16399256.15,69.61114222447188
2020-10-22T09:30:00-04:00,14.2,15.87,14.19,14.91,3.77,10.425120517836373,6.578892825755686,9.524542883027683,16212232,16812925.85,72.40150508450125
2020-10-23T09:30:00-04:00,15.05,15.38,14.55,15,3.77,10.691241774750155,6.662684936942196,9.739266691536402,6507324,16762534.2,72.70144081544696
2020-10-26T09:30:00-04:00,14.93,15.45,13.26,13.45,3.77,10.856968111863049,6.730220410206453,9.884785644809485,13376269,17093131.5,60.50558821609886
2020-10-27T09:30:00-04:00,13.71,13.71,12.36,12.69,3.77,10.953937911097691,6.789521699657135,9.994794050895388,7231006,17192464.85,55.58212317379818
2020-10-28T09:30:00-04:00,12.27,13.05,11.78,11.82,3.77,11.00723223941397,6.839576210108308,10.066370754781843,6388580,17207942.2,50.51473902428342
2020-10-29T09:30:00-04:00,11.88,12.25,11.6801,11.73,11.78,11.050643062677585,6.888237143341061,10.131611117339418,4165843,17188531.6,50.006829962720836
2020-10-30T09:30:00-04:00,11.64,11.64,10.36,10.47,11.6801,11.006085445730644,6.923876574750603,10.144881269600617,11562367,17549625.75,43.42402954531735
2020-11-02T09:30:00-05:00,10.82,11.09,10.5,10.75,10.36,10.973434771812538,6.9619474546038305,10.168611415890789,5227011,17670727.85,45.15191520519685
2020-11-03T09:30:00-05:00,10.75,11.86,10.63,11.57,10.36,10.951277689760117,7.00779872371225,10.223567830953895,7454472,17816680.4,49.97080513236678
2020-11-04T09:30:00-05:00,11.76,11.7699,10.61,10.91,10.36,10.929259774291722,7.0466265971081485,10.250486739543938,5807871,17941641.75,46.43456546673976
2020-11-05T09:30:00-05:00,11.27,11.84,11.06,11.45,10.36,10.937694627563225,7.09044125783344,10.297526475248096,4705245,14354226.15,49.57851444249816
2020-11-06T09:30:00-05:00,11.52,12.17,11.32,11.86,10.36,10.96235949030108,7.137899553775396,10.358799946806995,5518243,10772499.3,51.887511894994795
2020-11-09T09:30:00-05:00,12.76,12.93,11.25,11.49,10.36,10.980916942539722,7.181204035827382,10.40316073320672,6244865,9901957.5,49.67664486339954
2020-11-10T09:30:00-05:00,11.5,11.66,10.83,11.1,10.36,10.971180365601676,7.2201970304957666,10.430487763277045,3825963,9584270.25,47.38479406398931
2020-11-11T09:30:00-05:00,11.5,11.95,11.21,11.75,10.36,10.986588083949954,7.265269696858993,10.482233341187749,4882569,9289560.6,51.408513607690494
2020-11-12T09:30:00-05:00,11.74,11.87,10.97,11.13,10.36,10.985517884985441,7.303724724750943,10.507635955258818,4355892,7512614.1,47.66420370861671
2020-11-13T09:30:00-05:00,11.36,11.55,11,11.01,10.36,10.98645221498638,7.340603085698694,10.527336506032983,3546171,7107343.75,46.95141685458755
2020-11-16T09:30:00-05:00,11.16,12.6602,10.72,12.06,10.36,10.969261749503389,7.387562258975324,10.587440956776787,9774824,6937631.3,53.50351241250936
2020-11-17T09:30:00-05:00,11.65,11.92,11.23,11.63,10.36,10.986083572116073,7.429775569831291,10.628325625138482,6678176,6941342.55,50.73964202703276
2020-11-18T09:30:00-05:00,11.8,12.04,11.56,11.57,10.36,11.023110438431164,7.470971832818044,10.665254031995795,3169222,6831707.25,50.34880828335662
2020-11-19T09:30:00-05:00,11.6,12.79,11.45,12.46,10.36,11.050651700467863,7.520613904133287,10.735636226819489,11787613,6610476.3,55.78882406777712
2020-11-20T09:30:00-05:00,12.55,13.46,12.54,12.71,10.36,11.146738687534453,7.5722495866792245,10.813062257140293,8402347,6705227.45,57.207151063304245
2020-11-23T09:30:00-05:00,12.9,14.12,12.67,13.9,10.36,11.245013610919328,7.635212277359034,10.934118639213223,9607973,6516812.65,63.250615948731735
2020-11-24T09:30:00-05:00,14.23,14.26,13.3,13.67,10.36,11.37759337795679,7.695259916390287,11.041408104342116,7186710,6514597.85,61.44442829974403
2020-11-25T09:30:00-05:00,13.6,15.25,13.42,14.75,10.36,11.509361547120868,7.765456335132672,11.186843080642426,8860092,6638173.45,66.30946988115178
2020-11-27T09:30:00-05:00,15.29,16.74,14.88,16.08,10.36,11.72682209246791,7.848188112892546,11.3787315872839,12504197,7055091.15,71.13917599283317
2020-11-30T09:30:00-05:00,18.17,19.42,16.5575,16.56,10.36,12.038478731663528,7.93487280828665,11.581918583861002,31983498,8076147.7,72.66234600981588
2020-12-01T09:30:00-05:00,17.11,17.4,15.76,15.8,10.36,12.278576878007817,8.013132780343499,11.74733354135665,12666027,8448098.5,66.66328340211085
2020-12-02T09:30:00-05:00,15.7,16.68,15.38,16.58,10.36,12.478668692329894,8.098375240240578,11.936849873068153,7883380,8469543.9,69.45092970990376
2020-12-03T09:30:00-05:00,16.48,16.64,15.87,16.12,10.36,12.697464260566674,8.178192402029229,12.100894976085089,6294965,8493898.6,65.94851337541661
2020-12-04T09:30:00-05:00,16.3,17.29,16.26,16.9,10.36,12.927305276013985,8.264976557232918,12.289095173101359,8972672,8707269.95,68.81988178278343
2020-12-07T09:30:00-05:00,17,17.5,16.22,16.35,10.36,13.139737193690502,8.345424551688312,12.448346342783658,7386258,8800670.7,64.67831823456754
2020-12-08T09:30:00-05:00,16.37,17.21,15.93,16.94,10.36,13.319754148936276,8.430942715353105,12.624489623458809,16120163,9294435.6,66.97433959288836
2020-12-09T09:30:00-05:00,13.92,14.73,13.225,13.66,10.36,13.313640978037162,8.48297313609586,12.665097873519247,24357944,10321034.65,48.2117132225869
2020-12-10T09:30:00-05:00,13.12,14.41,13.05,14.12,13.225,13.296631882679925,8.539062955637194,12.722152858871434,7558922,10454852.3,50.313981135509636
2020-12-11T09:30:00-05:00,13.91,14,13.02,13.31,13.05,13.27878466444251,8.586534966028864,12.745205687935298,7496868,10611901.1,46.717729166744846
2020-12-14T09:30:00-05:00,13.34,13.4335,12.14,12.72,13.02,13.20531468609138,8.62766397134201,12.744217229584894,10007092,10934947.15,44.23743580130071
2020-12-15T09:30:00-05:00,12.78,14.02,12.48,13.85,12.14,13.158520190214517,8.67962751391572,12.787581259797252,8192856,10855848.75,49.74102568185129
2020-12-16T09:30:00-05:00,13.96,14.305,13.58,13.85,12.14,13.18571243600713,8.73107400631457,12.829244739805203,5865123,10815196.1,49.74102568185129
2020-12-17T09:30:00-05:00,13.96,14.98,13.59,14.83,12.14,13.21179550465183,8.791759837097509,12.907705730401076,8194902,11066480.1,54.279703587839386
2020-12-18T09:30:00-05:00,15.78,16.3,15.18,15.63,12.14,13.338776439835582,8.859802027773155,13.014462368424564,16618776,11308038.25,57.64245753957505
2020-12-21T09:30:00-05:00,15.81,16.348,15.28,15.53,12.14,13.464016669523609,8.926172156850038,13.11311090299615,9876128,11381727.3,57.07733266937626
2020-12-22T09:30:00-05:00,16.22,20.04,16.15,19.46,12.14,13.637305916651117,9.030986364244566,13.36200851464336,30687718,12435714.55,69.66454747301916
2020-12-23T09:30:00-05:00,20.17,22.3499,19.13,20.57,12.14,13.991673276867175,9.145802420321735,13.644674847402444,25830256,13367891.85,72.14883269097086
2020-12-24T09:30:00-05:00,21.01,21.48,19.95,20.15,12.14,14.376081452553164,9.255296923602115,13.899785637700386,6262174,13237995.95,69.81894361141923
2020-12-28T09:30:00-05:00,21.31,21.97,20.35,20.99,12.14,14.761495552388444,9.37206013829264,14.17783325975135,8965858,13061079,71.78163688276146
2020-12-29T09:30:00-05:00,20.82,21.07,18.56,19.38,12.14,15.006560355460158,9.471641629453908,14.38183979858463,9241441,11923976.15,63.28667302244729
2020-12-30T09:30:00-05:00,19.38,20,18.85,19.26,12.14,15.254524203494986,9.56903823015586,14.573140198640136,5934391,11587394.35,62.691155552409
2020-12-31T09:30:00-05:00,19.25,19.8,18.8,18.84,12.14,15.483264577463052,9.661286605975205,14.74046803398758,6922652,11539357.95,60.54379672932001
2021-01-04T09:30:00-05:00,19,19.1,17.15,17.25,12.14,15.59079589504608,9.736796191985402,14.838881052262577,10022474,11725733.4,53.12505494295449
2021-01-05T09:30:00-05:00,17.35,18.0765,17.23,17.37,12.14,15.696550998591494,9.812748468682065,14.938140618840515,4961457,11525172.65,53.58729364123246
2021-01-06T09:30:00-05:00,17.34,18.98,17.33,18.36,12.14,15.801934805133978,9.897795747600652,15.072331182807554,6056248,11458672.15,57.3260487418983
2021-01-07T09:30:00-05:00,18.47,19.45,18.02,18.08,12.14,15.945035785447915,9.979210715286218,15.1902789795602,6129276,10959127.8,55.95320035615731
2021-01-08T09:30:00-05:00,18.18,18.3,17.08,17.69,12.14,16.018259283160955,10.055934986775908,15.288307254871564,6481960,10065328.6,54.01294157474707
2021-01-11T09:30:00-05:00,19.41,20.65,19.01,19.94,17.08,16.2112748132796,10.154283892380128,15.470726578209934,14927612,10433763.1,62.164440579522406
2021-01-12T09:30:00-05:00,19.96,20.4,19.3168,19.95,17.08,16.411631276938984,10.251753704396247,15.646384359456603,7060665,10411952.95,62.19651330536947
2021-01-13T09:30:00-05:00,20.42,38.65,20.03,31.4,17.08,16.645074420362274,10.46218401579529,16.264173208105362,144501736,17136685.15,81.51657115225571
2021-01-14T09:30:00-05:00,38.09,43.06,33.05,39.91,17.08,17.70345671582277,10.755197110165485,17.1914605332777,93717410,21412912.85,86.88242533473067
2021-01-15T09:30:00-05:00,38.49,40.75,34.01,35.5,17.08,18.75549176641485,11.001414054342943,17.909442473149163,46866358,23462974.6,74.76888851067115
2021-01-19T09:30:00-05:00,41.55,45.52,36.64,39.36,17.08,19.90933100729131,11.283589038876844,18.75064080753547,74721924,26789325.7,77.69967164931002
2021-01-20T09:30:00-05:00,37.37,41.1899,36.06,39.12,17.08,20.951309651982193,11.560568252420358,19.54943920723996,33471789,27631976.35,77.10000440777492
2021-01-21T09:30:00-05:00,39.23,44.75,37,43.03,17.08,21.986709029273666,11.873696926525628,20.470245512838392,57079754,29992157.65,79.83102607094139
2021-01-22T09:30:00-05:00,42.59,76.7573,42.32,65.01,17.08,23.298534253191495,12.402416360092538,22.216902551550614,197157946,38315669.05,88.287337736294
2021-01-25T09:30:00-05:00,96.73,159.18,61.13,76.79,17.08,25.739273978792042,13.043088834121468,24.357024020117258,177874000,45917856.25,90.56944779681146
2021-01-26T09:30:00-05:00,88.56,150,80.2,147.98,17.08,29.25286920596675,14.385744666617772,29.2049838624656,178587974,54534146.25,95.84201577753727
2021-01-27T09:30:00-05:00,354.83,380,249,347.51,17.08,43.43010345074309,17.700413873915107,41.68753351491793,93396666,58755686.65,98.4528770268483
2021-01-28T09:30:00-05:00,265,483,112.25,193.6,17.08,47.8700967765016,19.450658511985605,47.644885141783895,58815805,61234404.85,64.70317889848855
2021-01-29T09:30:00-05:00,379.71,413.98,250,325,17.08,60.91073569414665,22.490950467090226,58.52155631269433,50566055,63465988.05,73.16192595057981
2021-02-01T09:30:00-05:00,316.56,322,212,225,17.08,70.65843016549204,24.505965885328134,65.05012273180435,37382152,64988963.05,61.15130428354561
2021-02-02T09:30:00-05:00,140.76,158,74.2201,90,17.08,70.88821531610546,25.157647816817406,66.02854929134143,78183071,68396992.9,49.36849830766004
2021-02-03T09:30:00-05:00,112.01,113.3999,85.25,92.41,17.08,71.8147820699051,25.826825450480914,67.06311598579863,42698511,70283845.6,49.55536244715384
2021-02-04T09:30:00-05:00,91.19,91.5,53.33,53.5,17.08,70.62221548474994,26.102180421122895,66.53122908439477,62427275,73102396.95,46.567135664755156
2021-02-05T09:30:00-05:00,54.04,95,51.09,63.77,17.08,69.36207255024995,26.476984596037095,66.42294559088909,81345013,76863183.8,47.46755417510606
2021-02-08T09:30:00-05:00,72.41,72.66,58.02,60,51.09,68.63032593410479,26.810546938365086,66.17106537163853,25687282,77823449.9,47.1534275017876
2021-02-09T09:30:00-05:00,56.61,57,46.52,50.31,51.09,67.2038532931948,27.04437234196344,65.54906280804487,26843082,78419223.4,46.30521441249214
2021-02-10T09:30:00-05:00,50.77,62.83,46.55,51.2,46.52,65.87134662911771,27.284726846023506,64.98635446263134,36455036,79888941.95,46.40058241520126
2021-02-11T09:30:00-05:00,50.01,55.32,48.2201,51.1,46.52,64.73255652401335,27.521694738102873,64.44179154252815,13056725,73316691.4,46.39061241063356
2021-02-12T09:30:00-05:00,50.75,55.24,48.05,52.4,46.52,63.65626255472216,27.7692400640919,63.96956442321332,14573264,69359484.1,46.55139400977992
2021-02-16T09:30:00-05:00,52.66,53.5,49.04,49.51,46.52,62.71327787377234,27.985566033603423,63.40252268112653,8175030,67424917.7,46.219529969477456
2021-02-17T09:30:00-05:00,49.77,51.19,44.56,45.94,46.52,61.54209865610961,28.164217117846174,62.71771787010196,9260795,64151861.25,45.785311060974045
2021-02-18T09:30:00-05:00,48.49,48.87,40.65,40.69,44.56,60.19422132345738,28.288851773389993,61.85388579676462,23990555,63677799.55,45.11408146561057
2021-02-19T09:30:00-05:00,41.28,43.89,38.5,40.59,40.65,58.79459414129884,28.411251258231882,61.020007922381694,14828238,61565223.75,45.10051858798152
2021-02-22T09:30:00-05:00,46.69,48.51,42.4,46,38.5,57.7368783902473,28.586263683523107,60.430988003856925,19476021,52681127.5,46.045555769546866
2021-02-23T09:30:00-05:00,44.97,46.23,40,44.97,38.5,56.59256365539263,28.74928593542835,59.82467474880371,7565215,44165688.25,45.88361250118476
2021-02-24T09:30:00-05:00,44.7,91.71,44.7,91.71,38.5,55.82530148407698,29.375760702240008,61.07507966061533,83111740,39391876.55,53.8206614003609
2021-02-25T09:30:00-05:00,169.56,184.68,101,108.73,38.5,58.73979816252363,30.16535512311324,62.9439000660814,150308766,42237481.55,56.33223961698547
2021-02-26T09:30:00-05:00,117.46,142.9,86,101.74,38.5,60.49852086171565,30.877540644276294,64.46531574976449,92194154,43906399,55.00901024178541
2021-03-01T09:30:00-05:00,104.54,133.99,99.97,120.4,38.5,63.04506790289528,31.768311384134243,66.65883277918549,49793965,43867794.5,57.855061312270465
2021-03-02T09:30:00-05:00,116.93,133.2,112.2,118.18,38.5,66.21635384464398,32.62812918130704,68.67927070941352,33783044,43687839.1,57.38992651725024
2021-03-03T09:30:00-05:00,122.51,127.75,113.12,124.18,38.5,69.2423955320863,33.53909307005025,70.85576989727966,19273882,40742379.65,58.36421416345402
2021-03-04T09:30:00-05:00,125,147.8699,115.3,132.35,38.5,72.21385388485493,34.52228617383084,73.26730833268046,32606893,40237798.75,59.71496169664386
2021-03-05T09:30:00-05:00,128.17,151.53,127.5,137.74,38.5,75.7807020213159,35.549328102449444,75.79564918237926,30733673,38653118.65,60.62258576382553
2021-03-08T09:30:00-05:00,154.89,210.8699,146.1,194.5,38.5,80.31743092316648,37.130926827798206,80.45072176346243,63565620,37764149,68.63621133098599
2021-03-09T09:30:00-05:00,217.71,249.85,208.5101,246.9,38.5,88.58792570231704,39.218181287223096,86.97814443940507,39099331,38434751.45,73.9141104685499
2021-03-10T09:30:00-05:00,269.43,348.5,172,265,38.5,93.96934985055465,41.46476654804675,93.95939367707545,71570566,40671125.65,75.45085244766287
2021-03-11T09:30:00-05:00,241.64,281.5,232.6,260,38.5,102.9132627634221,43.639246482892055,100.47079000346466,28312493,40263998.5,74.15131066066184
2021-03-12T09:30:00-05:00,274.9965,295.5,262.27,264.5,38.5,113.1943425851368,45.83686592087323,106.90330804254448,25845899,40903457.2,74.57573636124785
2021-03-15T09:30:00-04:00,277.52,283,206,220.14,38.5,119.18180435383765,47.57122546394912,111.34396262911136,24226187,41386103.35,63.505905894924865
2021-03-16T09:30:00-04:00,203.16,220.7,172.35,208.17,38.5,122.6120105245578,49.16922322052674,115.14106213385209,35422867,42748495.2,60.87984812315114
2021-03-17T09:30:00-04:00,217.84,231.47,204,209.81,38.5,127.8628485552315,50.767638909874734,118.85356950115201,16481589,43109534.9,61.11708562954924
2021-03-18T09:30:00-04:00,214,218.88,195.65,201.75,38.5,132.2362131645714,52.26995096052275,122.10440991287153,11799914,42500002.85,59.21644068328932
2021-03-19T09:30:00-04:00,195.73,227,182.66,200.27,38.5,135.489360702341,53.742588264398144,125.16972717119029,24677297,42992455.8,58.8545066363181
2021-03-22T09:30:00-04:00,205.26,210.3562,186.1952,194.49,38.5,138.7607051731577,55.14306002296134,127.88816924290832,10063138,42521811.65,57.37949758015369
2021-03-23T09:30:00-04:00,197.5,201.75,177.55,181.75,38.5,141.26324032327656,56.40283056999655,130.00039790004917,14429145,42865008.15,54.15767761141843
2021-03-24T09:30:00-04:00,157.98,166.97,118.62,120.34,38.5,139.80238610887162,57.039021310593604,129.62155876671392,24177877,39918315,41.93480014402181
2021-03-25T09:30:00-04:00,123.49,187.5,116.9,183.75,118.62,138.32481281152505,58.29982706869715,131.7442427366467,50962337,34950993.55,53.583750843464806
2021-03-26T09:30:00-04:00,197.68,218.9344,163.26,181,116.9,139.93353456562022,59.52072431179469,133.67584106069978,37430672,32212819.45,53.0863422220141
2021-03-29T09:30:00-04:00,180.75,193.92,173.51,181.3,116.9,142.09975814203182,60.73245839824449,135.54345513675077,10042175,30225229.95,53.137449101822895
2021-03-30T09:30:00-04:00,187.5,204.3,182,194.46,116.9,144.67396729415879,62.06308070273957,137.85390787648603,17094924,29390823.95,55.43112002901852
2021-03-31T09:30:00-04:00,197.5,199.46,187.1102,189.82,116.9,147.41178875905177,63.334293830075495,139.89179384211403,8393834,28846821.55,54.419753607490534
2021-04-01T09:30:00-04:00,193.36,196.969,183.6,191.45,116.9,149.74651206491941,64.60907697604489,141.9136842796782,9334345,27683194.15,54.7322164750903
2021-04-05T09:30:00-04:00,171.004,195,164.81,186.95,116.9,150.71834999621493,65.82639959319867,143.6798143079261,14070489,26850034.95,53.63898558554497
2021-04-06T09:30:00-04:00,185.21,192,183.56,184.5,116.9,152.8371661254914,67.00723143804247,145.28060590369373,6218318,23982669.85,53.01807216877525
2021-04-07T09:30:00-04:00,183.22,184.4999,176.11,177.97,116.9,154.3386392786855,68.1113385879127,146.56254292707828,4768261,22266116.35,51.313125734094804
2021-04-08T09:30:00-04:00,185.88,185.88,164.3,170.26,116.9,154.98130771231868,69.12774317907774,147.49185496915365,10047390,19189957.55,49.29737653809956
2021-04-09T09:30:00-04:00,169.7,171.58,153,158.36,116.9,154.8534814082981,70.01562633152473,147.9180567350692,9462380,18247451.9,46.275763247997205
2021-04-12T09:30:00-04:00,158.11,163.9,135.01,141.09,153,153.57325680131115,70.72283402971851,147.65028980428218,16683595,17789336.7,42.23029115854084
2021-04-13T09:30:00-04:00,141.88,145.3771,132,140.99,135.01,152.1814337818717,71.42200981051734,147.38910196882014,6806868,16918370.75,42.207282285195454
2021-04-14T09:30:00-04:00,143.57,174.09,143,166.53,132,151.58908321529933,72.36835797160671,148.1397254210233,21138138,16204134.3,49.73921032095428
2021-04-15T09:30:00-04:00,163,166.2546,152.8,156.44,132,151.6672068788284,73.20489172313302,148.46522638490472,7856780,15772893.85,47.126146996900445
2021-04-16T09:30:00-04:00,156,160.1969,151.25,154.69,132,151.64029030600076,74.01568882041528,148.70933515412415,5214710,15443633.65,46.66821206127738
2021-04-19T09:30:00-04:00,171.8,175.2,162.33,164.37,132,152.3299489959362,74.91473669284896,149.32347887357025,10520214,14735779.5,49.586389128419775
2021-04-20T09:30:00-04:00,164.14,164.89,153.36,158.53,132,152.3964038994242,75.74672936257186,149.68451891774396,4658608,14465553,47.884078525733834
2021-04-21T09:30:00-04:00,158.4,162.98,155.92,158.51,132,152.6237326801065,76.57024449329253,150.03061621508732,3812845,13934738,47.87801654848133
2021-04-22T09:30:00-04:00,159.1,159.1,146.86,151.17,132,152.25187895880933,77.31253061773738,150.07529793214272,4345809,12943134.6,45.59659105456688
2021-04-23T09:30:00-04:00,149,153.6598,144.7,151.18,132,151.7646609614668,78.04753031308327,150.11861958186262,4042057,10597120.6,45.60039430142417
2021-04-26T09:30:00-04:00,150.98,174.6795,148.76,168.93,132,151.57081186717863,78.95183349404762,150.85632077473076,10532108,9252192.4,52.0130065849779
2021-04-27T09:30:00-04:00,183.55,188,173.17,177.77,132,152.96430787574775,79.9350988324153,151.9117591757217,8932718,9196719.55,54.86649975561631
2021-04-28T09:30:00-04:00,172.1,181.98,166.0281,178.58,132,153.8071331740866,80.91664013756541,152.95757254137968,5788938,8631420.25,55.12978642520577
2021-04-29T09:30:00-04:00,176.56,180.86,170.75,176.19,132,154.9002213564036,81.8646337680374,153.86864812799223,3760250,8399741.05,54.126471807813004
2021-04-30T09:30:00-04:00,175,183.8,172.7,173.59,132,156.0485941721195,82.7773239793007,154.6420344759141,4433565,8154702.05,52.99652409798303
2021-05-03T09:30:00-04:00,177.49,177.49,159.61,162.2,132,156.27836229004726,83.56759936259124,154.93842528078022,5261019,7714228.55,48.24496950847509
2021-05-04T09:30:00-04:00,159,161.49,151.8,160.73,132,155.98943569068936,84.33538444356049,155.16554585800452,4007512,7603688.25,47.65116950623473
2021-05-05T09:30:00-04:00,161.83,165.5,158.33,159.48,132,156.14043983967716,85.08309206103749,155.33474013808276,2805409,7505545.65,47.1200753817519
2021-05-06T09:30:00-04:00,160.86,164.72,155.6,161.01,132,156.10557275324638,85.8385836823207,155.55729934835404,2942802,7150316.25,47.88570877939052
2021-05-07T09:30:00-04:00,160.11,167.41,157.5001,161.11,132,156.19554225303693,86.58755299891453,155.77505231508525,2934624,6823928.45,47.938765177033716
2021-05-10T09:30:00-04:00,161.31,161.585,143,143.22,132,155.3442169463894,87.15105993424872,155.28269732233682,4806685,6230082.95,40.07774023969727
2021-05-11T09:30:00-04:00,137,150.5,136.5,146.92,143,154.12846101436426,87.74577575579849,154.95474840773537,4684584,6123968.75,42.1891745206137
2021-05-12T09:30:00-04:00,145.7,150.5,142.231,144.79,136.5,153.36088288440527,88.31337997713383,154.55613082311828,2731510,5203637.35,41.287254652075795
2021-05-13T09:30:00-04:00,147.44,169.95,146.43,164.5,136.5,152.91372914992752,89.07145579825688,154.94608647711365,8873487,5254472.7,51.59862391001671
2021-05-14T09:30:00-04:00,160,166.47,156.22,159.92,136.5,153.1270369467064,89.77641643708019,155.1411419093837,4293530,5208413.7,49.42639100016617
2021-05-17T09:30:00-04:00,159.85,182.5,159,180.6,136.5,153.50593778885437,90.68013368646247,156.13952850117258,7462095,5055507.75,58.0200797235527
2021-05-18T09:30:00-04:00,174.54,189.2,168.27,180.67,136.5,154.45845793150892,91.57555524182105,157.1015077756364,7738717,5209513.2,58.04606698655284
2021-05-19T09:30:00-04:00,171.99,178.9799,164.15,168.83,136.5,155.08371871012125,92.3442561846885,157.56144864718007,4825905,5260166.2,52.16402193182085
2021-05-20T09:30:00-04:00,170.79,174.91,166.9,170.49,136.5,155.84605943850053,93.12182577489061,158.06845066101616,2478168,5166784.15,52.88489169731024
2021-05-21T09:30:00-04:00,171,179.24,170.33,176.79,136.5,156.7805072166618,93.95434492140912,158.8026290664665,3654683,5147415.45,55.618410998909575
2021-05-24T09:30:00-04:00,175.85,188.4576,173.35,180.01,136.5,157.8495067510707,94.81062009632046,159.6342906717031,4664348,4854027.45,56.991860243947215
2021-05-25T09:30:00-04:00,181,217.11,181,209.43,136.5,159.34308696067905,95.95111143864563,161.58706358653828,14887457,5151764.4,67.0308320519025
2021-05-26T09:30:00-04:00,229,248.4794,225.55,242.56,136.5,163.61450070515136,97.40990634970387,164.76247285765442,21119872,5918311.1,74.30457347683347
2021-05-27T09:30:00-04:00,229.8,264,227,254.13,136.5,167.70388775643193,98.96931026662224,168.2670817651974,15526303,6506613.75,76.27329340566592
2021-05-28T09:30:00-04:00,262.97,268.7999,221.43,222,136.5,171.17008854633954,100.19349623411854,170.3742550293073,11751365,6872503.75,62.05448153877835
2021-06-01T09:30:00-04:00,233.48,254.98,227.07,249.02,136.5,174.7765344465757,101.67435696810742,173.4584018909031,9625610,7090733.3,67.53547370712928
2021-06-02T09:30:00-04:00,248.88,294,244.3,282.24,136.5,179.2619193209902,103.47103003310137,177.72434691478927,16019220,7691318.7,72.74747388339586
2021-06-03T09:30:00-04:00,265.71,274.43,242.1206,258.18,136.5,183.31731807447468,105.01042276909041,180.87947056518968,7999955,7951046,64.65173961005179
2021-06-04T09:30:00-04:00,256.02,265,245.77,248.36,136.5,187.34652335999246,106.43678672163678,183.525765837143,3637515,7985781.65,61.636797739520965
2021-06-07T09:30:00-04:00,258,282,255.2001,280.01,136.5,191.7241734657994,108.16388337117273,187.30946129450996,6051490,8141624.95,66.98128245242381
2021-06-08T09:30:00-04:00,292,344.66,281,300,136.5,197.48390420994136,110.07270045205658,191.72869810648996,17439118,8773246.6,69.83924756295066
2021-06-09T09:30:00-04:00,303.12,328,291.51,302.56,136.5,203.55010393833223,111.98799696497144,196.07502367094133,13429309,9210482.85,70.19504032965831
2021-06-10T09:30:00-04:00,282,288,211,220.39,136.5,204.0307423939237,113.06662386084237,197.02855215443384,22980152,10222914.95,49.86265448767717
2021-06-11T09:30:00-04:00,222.35,241.13,206.13,233.34,211,204.16617836850926,114.26337387217727,198.4525305013188,15580774,10558279.3,52.2119744386777
2021-06-14T09:30:00-04:00,236.5,238.01,219.2,229.44,206.13,205.13610234473447,115.40940995305112,199.66772538362002,7132627,10700234.15,51.43038243818729
2021-06-15T09:30:00-04:00,226.36,229.25,208,222.5,206.13,205.32086993539676,116.47498796346852,200.56310870190944,7301935,10692226.15,49.996128948109686
2021-06-16T09:30:00-04:00,215.24,228.7305,209,222.97,206.13,205.55823316537115,117.53463982452854,201.4418103214424,5564827,10583531.65,50.097625302968
2021-06-17T09:30:00-04:00,224,233.66,221.48,223.59,206.13,206.5854439288956,118.58991704020487,202.31036677942507,4608573,10572665.05,50.24110684810068
2021-06-18T09:30:00-04:00,220.18,223.49,213,213.82,206.13,206.9992862560636,119.5374800547302,202.7617249449378,4320317,10664772.5,47.90371469487553
2021-06-21T09:30:00-04:00,216.95,218.3999,197,200.37,206.13,206.35417101373693,120.34178373577765,202.6679318098422,5120186,10738047.65,44.81280101054238
2021-06-22T09:30:00-04:00,217.73,225.88,209.17,220.4,197,206.53583739994744,121.33738787771021,203.36330703298563,8200177,10914839.1,49.988088580601726
2021-06-23T09:30:00-04:00,221.45,222.57,214.12,219.34,197,207.02513821285405,122.31253824708624,203.98984401208423,3555090,10348220.75,49.72234831448829
2021-06-24T09:30:00-04:00,221.156,227.45,211.6,212.31,197,207.3202905862183,123.20803537895603,204.31612463906131,3863339,9485394.1,47.903517181600186
2021-06-25T09:30:00-04:00,214,214.2,198.5,209.51,197,206.75123958065583,124.06676139508582,204.51980602576478,12692749,9343716.4,47.16351281547316
2021-06-28T09:30:00-04:00,211.25,224.45,210.2,213.25,197,206.97374025287158,124.95415680408995,204.862166573774,4879364,9000116.35,48.312074274037485
2021-06-29T09:30:00-04:00,213.59,215.22,208.01,210.88,197,207.04059572042826,125.80914031847712,205.09816004146913,2480009,8642836.3,47.60585094045497
2021-06-30T09:30:00-04:00,209.69,215.2787,206.9379,214.14,197,207.03397019007804,126.68805434515895,205.4527420006272,2539648,7968857.7,48.71635262333592
2021-07-01T09:30:00-04:00,213.4,216.83,202,204.36,197,206.7091979197504,127.46090952580413,205.40988937315163,2742112,7705965.55,45.59421454356075
2021-07-02T09:30:00-04:00,204.8,205.45,196.5,202.83,197,206.05053998944393,128.21085072455236,205.30871724087118,2602729,7654226.25,45.107179432036574
2021-07-06T09:30:00-04:00,204,204.77,193.7101,199.56,196.5,205.25438257077013,128.92079250838765,205.08327734907232,2768062,7490054.85,44.024777136680406
2021-07-07T09:30:00-04:00,196,197.5,177.56,190.66,193.7101,203.4676482113656,129.535112980941,204.51765862950086,4239500,6830073.95,41.13178329233852
2021-07-08T09:30:00-04:00,179.83,194.22,179.5,191.38,177.56,201.92134832676138,130.15048499108087,204.00245633030474,2857514,6301484.2,41.46688692760779
2021-07-09T09:30:00-04:00,190.88,194.78,186.75,191.23,177.56,200.94255166051872,130.75824135932882,203.50157568990062,1582925,5231622.85,41.41399506846755
2021-07-12T09:30:00-04:00,191.42,197.75,187.42,189.25,177.56,200.0701289727433,131.34024890799222,202.94269036872805,1636324,4534400.35,40.67644917513852
2021-07-13T09:30:00-04:00,187.68,188.79,179,180.06,177.56,198.71076581321148,131.82502255069878,202.04532996211125,2397944,4297666.2,37.35150026375961
2021-07-14T09:30:00-04:00,180.49,182.38,165.07,167.62,177.56,196.54039382526236,132.18119148054257,200.69531702242062,3913770,4128257.95,33.37457656322621
2021-07-15T09:30:00-04:00,160,171.99,158.01,166.82,165.07,194.054561965568,132.5258562419302,199.36687321761983,4298589,4064946.05,33.130279303417566
2021-07-16T09:30:00-04:00,170.15,179.47,166.3,169.04,158.01,192.26394506456361,132.88918105544334,198.1775840718308,3287929,3998913.85,34.56174908615361
2021-07-19T09:30:00-04:00,163.3,176,161.22,173.49,158.01,190.2611098991079,133.2931693036479,197.2094435199943,2436934,3904744.7,37.45214170221954
2021-07-20T09:30:00-04:00,173.9,193.6399,172.42,191.18,158.01,189.11007055077837,133.86915766878573,196.97299475450433,3101090,3803789.9,47.39872517112771
2021-07-21T09:30:00-04:00,187.79,195.51,182.11,185.81,158.01,188.65845309588946,134.38598197058886,196.5352302543277,2229184,3505240.25,45.05639011908254
2021-07-22T09:30:00-04:00,185.3,187.69,176.15,178.85,158.01,187.8514561219611,134.8284100106825,195.8416918129815,1412988,3398135.15,42.14908793211719
2021-07-23T09:30:00-04:00,181,181.6,173.84,180.36,158.01,186.94749121086681,135.28146065734236,195.23456664384497,1316168,3270776.6,43.00829496387915
2021-07-26T09:30:00-04:00,180.36,186.04,178.76,183.94,158.01,186.41926597145604,135.76562522791608,194.7916424617334,1260593,2699168.8,45.09051095489098
2021-07-27T09:30:00-04:00,183,185,176.6601,178.54,158.01,185.78964236039437,136.19124089729004,194.15432314950857,1214775,2515939.35,42.564380027333705
2021-07-28T09:30:00-04:00,175.72,177.12,164.27,169.12,158.01,184.4012783371431,136.5188902415956,193.17258498678274,4100845,2596981.15,38.51116889970154
2021-07-29T09:30:00-04:00,170.6,173.89,164.51,164.86,158.01,183.11797005732743,136.80089133371905,192.06228753632067,2239995,2581998.5,36.804319941843445
2021-07-30T09:30:00-04:00,165,167.22,158.87,161.12,158.01,181.55358489233856,137.04287251447806,190.84886449568063,2377118,2563748.8,35.32410022282002
2021-08-02T09:30:00-04:00,162,163.5899,155.06,157.65,158.87,179.84432135089736,137.24791855911013,189.54694824094807,2532931,2560258.9,33.959422082838515
2021-08-03T09:30:00-04:00,156.74,158.89,148.2,152.75,155.06,177.80275223148462,137.40216812568616,188.10393066287168,14450624,3144387,32.07500452727781
2021-08-04T09:30:00-04:00,152.73,157.79,145.691,146.8,148.2,175.73102628106625,137.4956788906047,186.4841686760924,2393484,3052086.2,29.90497397431716
2021-08-05T09:30:00-04:00,148,157.6,145.22,153.44,145.691,173.76257297261037,137.65432885189222,185.18831892408878,2412123,3029816.65,35.17572596017919
2021-08-06T09:30:00-04:00,154.59,156.5,150.31,151.77,145.22,172.249503748571,137.79478329117688,183.8777966133402,1352689,3018304.85,34.4736157455407
2021-08-09T09:30:00-04:00,151.8,164.71,150.66,161.13,145.22,170.85663253898576,138.02697450220995,182.98572615791508,2249204,3048948.85,41.51923728848292
2021-08-10T09:30:00-04:00,161.36,166.8999,155.352,159.05,145.22,169.8563336655028,138.2361588355213,182.0470702301537,1623334,3010218.35,40.47766193325887
2021-08-11T09:30:00-04:00,158.43,159.05,154.62,158.78,145.22,168.8733443967607,138.44057516551612,181.134636103481,945428,2861801.25,40.33620589641208
2021-08-12T09:30:00-04:00,159.88,164.28,157.33,162.35,145.22,168.1286125001955,138.67847989023736,180.39798370726606,1319832,2712863.4,43.16443994691022
2021-08-13T09:30:00-04:00,160.47,163.5499,157.4101,162.52,145.22,167.437095564699,138.9157089460559,179.69688630698113,1014751,2599204.5,43.302267345688016
2021-08-16T09:30:00-04:00,161,169.8799,159.1601,163.93,145.22,166.90309585084745,139.1646073645031,179.0785770400407,1574877,2556101.65,44.50433619012296
2021-08-17T09:30:00-04:00,161.19,169.48,161.1,163.55,145.22,166.5287025701476,139.40724808724437,178.46961323454892,1215938,2461844.05,44.23215948053319
2021-08-18T09:30:00-04:00,163.25,165.6,156.75,157.05,145.22,165.89781853336387,139.58279785752055,177.62962840182152,1411842,2420976.95,39.75358895012762
2021-08-19T09:30:00-04:00,156.77,157.9899,150.78,152.9,145.22,164.92247540217912,139.71530733157508,176.6598390527305,1196548,2410154.95,37.16616023483662
2021-08-20T09:30:00-04:00,153.8,160.09,153.24,159.3,145.22,164.16876731171595,139.91017989544,175.97906105066264,1154858,2402089.45,43.2956584541418
2021-08-23T09:30:00-04:00,162.38,167.29,159.55,164.89,145.22,163.87078232386332,140.15873531936597,175.54419591142096,1343032,2406211.4,48.061476322219754
2021-08-24T09:30:00-04:00,166.29,225,165.15,210.29,145.22,163.9533124965173,140.8565588485265,176.90677646391424,14652209,3078083.1,70.06607709423524
2021-08-25T09:30:00-04:00,206.65,227,193,199.65,145.22,165.82729233545166,141.44156821321778,177.79866758297644,12861059,3516093.8,63.29773190637271
2021-08-26T09:30:00-04:00,200.68,217,199,205.22,145.22,167.96746702348705,142.0761794747778,178.87401395227147,6238647,3716026.4,65.19328513091823
2021-08-27T09:30:00-04:00,207.7,212.9999,200.02,204.95,145.22,170.03537237681047,142.70178962925763,179.89660164041769,3230804,3758710.7,65.01798999245658
2021-08-30T09:30:00-04:00,205,218.19,203.02,209.2,145.22,172.16341286862914,143.36346336428988,181.04575451726404,3309584,3797543.35,66.5429703046357
2021-08-31T09:30:00-04:00,212.7,222.3,211.46,218.24,145.22,174.69867655452404,144.10850352981933,182.50435237933212,3574687,3253746.5,69.58059666078177
2021-09-01T09:30:00-04:00,224,231.439,208.02,212.97,145.22,176.84843935745798,144.79369254942313,183.69908365857398,4453782,3356761.4,65.82838736785622
2021-09-02T09:30:00-04:00,213.86,214.8,206.3,213.52,145.22,178.7485400440736,145.47753640465274,184.86853135823776,1855618,3328936.15,66.03424969431457
2021-09-03T09:30:00-04:00,212.05,216.27,198.84,202.75,145.22,180.0447632670366,146.04741166430793,185.5697654226206,2664005,3394501.95,58.590735074412564
2021-09-07T09:30:00-04:00,206.25,209.9,196.1,199,145.22,181.0805849917439,146.57430309053373,186.0964412884002,2501178,3407100.65,56.21466800127108
2021-09-08T09:30:00-04:00,201.86,206.88,190.6758,198.8,145.22,181.6996311213088,147.0939617662498,186.5946200614041,5173566,3584612.25,56.08403514778872
2021-09-09T09:30:00-04:00,180.085,202,178,199.18,190.6758,181.4609452425147,147.61223080340156,187.0881643727216,7511458,3912913.75,56.2918628066003
2021-09-10T09:30:00-04:00,198.408,202.16,190,190.41,178,182.01185200106212,148.03807925311895,187.21843243653643,3042648,3999054.55,50.36761784562378
2021-09-13T09:30:00-04:00,193.75,208.88,191.5,203.4,178,182.62399058163876,148.5889441361725,187.853003713535,4334068,4165020.4,57.501912113039076
2021-09-14T09:30:00-04:00,200.65,204.62,195,199.24,178,183.4224428021782,149.09293474178273,188.29955258751403,2141631,4193358.1,54.78594850468499
2021-09-15T09:30:00-04:00,197,204.87,193.751,204.52,178,184.08880133106993,149.64444782892917,188.93564856447426,2310407,4248081.55,57.52796465810759
2021-09-16T09:30:00-04:00,202.33,216.55,201.15,206.37,178,185.18952382583961,150.2088811838652,189.6193486207694,3058217,4330400.3,58.47812314026996
2021-09-17T09:30:00-04:00,208.02,212.49,200.78,204.97,178,186.19536099836608,150.7537679382546,190.22133494936668,3950643,4468105.05,57.43104122968345
2021-09-20T09:30:00-04:00,200,202.8499,184.55,192.2,178,186.08920867589086,151.16616825727695,190.29892965723465,3941802,4607452.25,48.84059502401855
2021-09-21T09:30:00-04:00,199.36,199.36,186,189.95,178,186.0834532774463,151.5520770308364,190.28524614126468,2633827,4671992,47.49265132835464
2021-09-22T09:30:00-04:00,189.64,193.5,186.29,190.14,178,186.09677887244976,151.93603646336538,190.27955021415627,2256593,4052211.2,47.62410660266163
2021-09-23T09:30:00-04:00,192.33,195.75,190.6,191.24,178,186.38730926777558,152.32712067766025,190.31721491164035,1682259,3493271.2,48.429089207190245
2021-09-24T09:30:00-04:00,191,191.7153,184.11,185.16,178,186.2403860892094,152.65381599430043,190.11497118961523,1685759,3265626.8,44.36990185184837
2021-09-27T09:30:00-04:00,185.92,192.05,185.87,189.48,184.11,186.21649021248624,153.02024568589943,190.09007035864994,1470146,3177593.9,47.72272457732899
2021-09-28T09:30:00-04:00,188,190.8099,178,178.6,184.11,185.68639406974518,153.2747706044477,189.63947936419308,1770493,3100639.35,41.017679730357436
2021-09-29T09:30:00-04:00,180.09,184.48,174.61,175.92,178,184.97178800072936,153.5000962700751,189.10146056559728,1899933,3016901.65,39.54385433239787
2021-09-30T09:30:00-04:00,175,185.4499,166.79,175.47,174.61,183.79876942003713,153.71870227733802,188.56689348459346,3177453,2953085.2,39.28858202467306
2021-10-01T09:30:00-04:00,179.4,179.49,172.25,176.91,166.79,183.05368752197023,153.94946145865805,188.10976040676627,1551139,2937861.25,40.609799055632436
2021-10-04T09:30:00-04:00,175.95,176.95,170.771,171.36,166.79,182.2612560689399,154.12270064812415,187.45290705748133,1195738,2864447.9,37.245512956128884
2021-10-05T09:30:00-04:00,171.19,173.1699,166.7,172.18,166.79,181.25730406449216,154.30237526854083,186.8539695258154,1315854,2805181.7,38.06195456449805
2021-10-06T09:30:00-04:00,170.06,172.96,165.81,171.07,166.7,180.26070380226685,154.4692173056698,186.2349903287246,1200320,2606519.4,37.35351047983531
2021-10-07T09:30:00-04:00,172,175.2,170.5406,172.12,165.81,179.63360033115285,154.64484698422032,185.6814612962256,1159326,2288912.8,38.51925825173322
2021-10-08T09:30:00-04:00,172.5,175.72,171.12,172.68,165.81,179.0843357936591,154.8243012430838,185.17160006892263,818207,2177690.75,39.16940786655953
2021-10-11T09:30:00-04:00,173,188.49,173,178.1,165.81,178.6917980005198,155.05590023568993,184.89428241916096,2684855,2095230.1,45.20864640311733
2021-10-12T09:30:00-04:00,180.5,181.78,173.8,175.82,165.81,178.37619812951854,155.26250819354377,184.53842820664485,1233652,2049831.15,43.26285809040331
2021-10-13T09:30:00-04:00,178.3,188.21,176,184.06,165.81,178.22289502438832,155.54905040057318,184.5196663161882,1930239,2030822.75,51.403459460267754
2021-10-14T09:30:00-04:00,183.76,190.2,182.6,183.83,165.81,178.50528889378262,155.83045288414957,184.49262057829847,1676008,1961712.3,51.182711028315346
2021-10-15T09:30:00-04:00,184,186.98,180.88,183.28,165.81,178.6584960619257,156.10358270619784,184.44506683012992,1199977,1824179,50.62286125794157
2021-10-18T09:30:00-04:00,182.94,189.87,182.5453,186.02,165.81,178.90925760631757,156.40125850016602,184.50682891522285,1589648,1706571.3,53.35989585395675
2021-10-19T09:30:00-04:00,188.99,192.18,184.4,186.79,165.81,179.26349905107128,156.7036340374778,184.5963650361945,2070618,1678410.85,54.129404651250006
2021-10-20T09:30:00-04:00,186.33,188,181.98,184.52,165.81,179.43875717680862,156.9804137982989,184.59337032889275,2276903,1679426.35,51.435177927253456
2021-10-21T09:30:00-04:00,184.71,190.6999,180.6,181.71,165.81,179.51367606862743,157.2264793326442,184.48029698266166,2402368,1715431.8,48.23462549648337
2021-10-22T09:30:00-04:00,178.1,179.49,167.8,169.8,165.81,178.7579550319418,157.35158899102586,183.90459906177296,2800443,1771166,37.56520966559709
2021-10-25T09:30:00-04:00,169.42,174.8,167.26,173.97,167.8,178.01615148149395,157.51694631449826,183.51500694170343,1442806,1769799,42.37168409142496
2021-10-26T09:30:00-04:00,173.36,185,172.5,177.84,167.26,177.6602707407524,157.719165754155,183.29245764987192,2176749,1790111.8,46.488898310784236
2021-10-27T09:30:00-04:00,180,183.09,172.33,173.51,167.26,177.31638230586515,157.8762884829694,182.90883185968087,1106998,1750465.05,42.80409375861422
2021-10-28T09:30:00-04:00,175.16,183.14,175,182.85,167.26,177.1669382861319,158.12478312492988,182.90652472792868,1696206,1676402.7,51.69767889209784
2021-10-29T09:30:00-04:00,182.81,185.75,178,183.51,167.26,177.22068420315566,158.3773723475674,182.93019042487265,2293970,1713544.25,52.262554522689776
2021-11-01T09:30:00-04:00,182.53,208.57,182.05,200.09,167.26,177.5322529642424,158.79242336898463,183.6031241337012,4944203,1900967.5,63.73583869279624
2021-11-02T09:30:00-04:00,199.35,211.9381,191.69,206.99,167.26,178.44565599880738,159.27200124591016,184.52025652061488,3882336,2029291.6,67.26220371248758
2021-11-03T09:30:00-04:00,214,255.69,208.2501,218.33,167.26,180.36852335372305,159.8596430245578,185.8461288139241,11265594,2532555.3,72.06927424805028
2021-11-04T09:30:00-04:00,222,228.97,211.55,217.84,167.26,182.3802315244506,160.43656199943783,187.10079042906435,2907976,2619987.8,71.58018112705523
2021-11-05T09:30:00-04:00,220.64,221,209.01,213.25,167.26,184.0982811035183,160.96206884521456,188.12624962792458,1810717,2669613.3,66.99372917583048
2021-11-08T09:30:00-05:00,212.5,225.04,212.01,218.64,167.26,185.89903716135584,161.53597860794875,189.3228672895746,2157912,2643266.15,69.46775145994457
2021-11-09T09:30:00-05:00,222,223.4899,204.44,206.6,167.26,187.09522831223612,161.98437683075522,190.0004019056697,1845298,2673848.45,58.85531212616369
2021-11-10T09:30:00-05:00,202.12,207.39,196.5,199.19,167.26,187.7019877759628,162.35458203641934,190.36077830152578,1309389,2642805.95,53.44394621501787
2021-11-11T09:30:00-05:00,200,208.09,198.1501,204.32,167.26,188.37605953235231,162.77214838431567,190.90819876028948,1079401,2612975.6,56.43061140569384
2021-11-12T09:30:00-05:00,202.14,205.36,197.88,202.1,167.26,188.98921698187797,163.1634702909394,191.34709292655265,927991,2599376.3,54.79246940446388
2021-11-15T09:30:00-05:00,203.86,211.5,201.69,209.14,167.26,189.80862233788585,163.62094819849221,192.04485398825648,1466424,2593215.1,58.87002254244731
2021-11-16T09:30:00-05:00,209.02,212.57,203.625,207.18,167.26,190.70000154189322,164.05437159950225,192.6383891259719,1214596,2550414,57.319912746768225
2021-11-17T09:30:00-05:00,206.3,217.7,206,210,167.26,191.68709821660977,164.511542031348,193.31923661122792,1352714,2504204.55,58.992945911134896
2021-11-18T09:30:00-05:00,210.25,215.1376,207.5,210.12,167.26,192.7072854284414,164.96535753352364,193.97809007745428,1005775,2434374.9,59.0664777097986
2021-11-19T09:30:00-05:00,209.14,229.39,208.2524,228.8,167.26,193.7101960459613,165.60052810532937,195.34365517245607,3043720,2446538.75,68.52733424766568
2021-11-22T09:30:00-05:00,230.46,249.64,229.745,247.55,167.26,196.0350221075122,166.41594573612213,197.3909628127519,4379604,2593378.65,74.8186262476101
2021-11-23T09:30:00-05:00,243.84,252.2,212.5601,213.9,167.26,197.10115616509205,166.8884238880015,198.03837603578123,3351636,2652123,53.96827657872019
2021-11-24T09:30:00-05:00,217.25,223.9899,208,211.78,167.26,197.8043073802474,167.33510623737462,198.5772632500643,1309388,2662242.5,52.96679541176702
2021-11-26T09:30:00-05:00,208.08,211.7299,199.2,199.72,167.26,197.89435206539272,167.65734398625645,198.62207645594412,1235277,2639196.05,47.559974548241044
2021-11-29T09:30:00-05:00,204,207.91,200.94,202.01,167.26,198.09084548052869,167.99916145903,198.75493620276984,1108844,2579939.75,48.632238682507726